업체기관관리번호,업체명,주소,상세주소,업종코드
0000272,(주)KT 재송지점,부산광역시 해운대구 재송동  1043-2,재송전화국,통신
0000273,(주)KT 조달본부,연제구 연산2동1980-2,연제구 연산2동1980-2,통신
0000274,(주)KT 해운대지점,해운대구 우1동 548,해운대구 우1동 548,통신
0000275,해운대경찰서,해운대구 재송1동 1094-1,해운대구 재송1동 1094-1,기타
0000233,(주)KT 동부산지사,부산광역시 동래구 명륜로 116,,통신
0000227,(주)KT 남부산지사,동구 자성공원로 23,범일동 830-29 KT부산정보통신센터,통신
0000225,(주)KT 가야지점,"부산광역시 부산진구 가야2동	161번지","부산광역시 부산진구 가야2동	161번지",통신
0000226,(주)KT 건설단,"서울 특별시 서초구 방배동	1001-1호","서울 특별시 서초구 방배동	1001-1호",통신
0000512,다슬건설(주) / 아세아토목(주),부산시동래구명륜동,부산시동래구명륜동,기타
0000513,상용건설(주) / 서광건설(주),부산시동래구안락동,부산시동래구안락동,기타
0000514,홍산건설(주) / 아세아토목(주),부산시동래구안락동,부산시동래구안락동,기타
0000515,성포건설(주) / 아세아토목(주),부산시연제구연산4동,부산시연제구연산4동,기타
0000517,거산토건(주),부산광역시 강서구 대저2동 1888-6,1888-6번지,기타
0000518,경동(주),자료없슴,자료없슴,기타
0000519,경인(주),부산광역시 수영구 광안2동,부산광역시 수영구 광안2동,기타
0000520,광명토건(주),부산광역시 동래구 명장1동,부산광역시 동래구 명장1동,기타
0000525,대연양지재건축조합,자료없슴,자료없슴,기타
0000526,대연양지재건축조합극동건설(주),부산시 남구 대연5동,부산시 남구 대연5동,기타
0000527,대한주택공사 부산지사장,자료없슴,자료없슴,기타
0000528,돌샘산업(주),부산광역시 동래구 명륜동,부산광역시 동래구 명륜동,기타
0000529,동아지질(주),자료없슴,자료없슴,기타
0000531,범일전화국(대연분국),부산광역시 남구 대연3동,부산광역시 남구 대연3동,통신
0000532,부산망건설국,경남 김해시 구산동       ,경남 김해시 구산동       ,통신
0000533,부산시 건설과,부산시 연제구 연산5동,부산시 연제구 연산5동,기타
0000536,일신건설산업(주),자료없슴,자료없슴,기타
0000538,조광종합건설(주),부산시 남구 대연3동,부산시 남구 대연3동,기타
0000211,(주)KT 중부산지사,"부산광역시 중구 중앙동 4가	77-5","부산광역시 중구 중앙동 4가	77-5",통신
0000231,(주)KT 부산진지점,"부산광역시 부산진구 부전1동	134번지","부산광역시 부산진구 부전1동	134번지",통신
0000232,(주)KT 서부산지사,부산광역시서구아미동1가 1번지,부산광역시서구아미동1가 1번지,통신
0000276,(주)강호건설,부산 영도구 봉래동2가,부산 영도구 봉래동2가,기타
0000277,(주)동성토건,부산 동구 초량동,부산 동구 초량동,기타
0000278,(주)금도건설,부산 금정구 구서중앙로42,,기타
0000279,(주)파워콤 영남지역본부,부산 동구 초량3동 한국감정원빌딩,부산 동구 초량3동 한국감정원빌딩,통신
0000280,(주)푸른영도,부산 중구 중앙동3가,부산 중구 중앙동3가,기타
0000281,(주)KT 영도지점,부산 영도구 남항동1가,,통신
0000500,상용건설(주),부산시동래구안락동,부산시동래구안락동,기타
0000501,아세아토목(주),부산시동래구복천동,부산시동래구복천동,기타
0000502,다슬건설(주),부산시동래구명륜동,부산시동래구명륜동,기타
0000503,서북건설(주),부산시동구초량2동,부산시동구초량2동,기타
0000504,성포건설(주),부산시연제구연산4동,부산시연제구연산4동,기타
0000505,홍산건설(주),부산시동래구안락동,부산시동래구안락동,기타
0000539,중앙건설(주),부산시 남구 용호1동,부산시 남구 용호1동,기타
0000540,중앙토건(주),부산광역시 동구 초량3동  ,부산광역시 동구 초량3동  ,기타
0000541,한전남부산지점,부산광역시 해운대구 우1동,부산광역시 해운대구 우1동,전기
0000542,한전부산지사,부산광역시 진구 부전2동,부산광역시 진구 부전2동,전기
0000544,현대산업개발(주),자료없슴,자료없슴,기타
0000546,동림건업(주),부산진구 전포4동,부산진구 전포4동,기타
0000547,중원건설(주),연제구 연산8동,연제구 연산8동,기타
0000548,평화건설(주),중구 중앙동,중구 중앙동,기타
0000549,만포건설(주),부산진구 부암1동,부산진구 부암1동,기타
0000550,서진건설,부산광역시 강서구 대저로 57,A동 2층,기타
0000551,신창건설사,부산진구 양정2동,부산진구 양정2동,기타
0000552,신창건설,북구 덕천2동,북구 덕천2동,기타
0000553,(주)현대수도건설,사상구 모라1동,사상구 모라1동,기타
0000554,부산열기,자료없슴,자료없슴,기타
0000555,일석건설(주),남구 대연3동,남구 대연3동,기타
0000556,태림전업(주),자료없슴,자료없슴,기타
0000557,동해건설,부산시 북구 구포동,부산시 북구 구포동,기타
0000558,청수건설(주),부산시 연제구 거제동 ,부산시 연제구 거제동 ,기타
0000559,수영석재산업(주),부산시 수영구 민락동 ,부산시 수영구 민락동 ,기타
0000560,신대림건설(주),부산시 금정구 남산동 ,부산시 금정구 남산동 ,기타
0000561,창건토건(주),자료없슴,자료없슴,기타
0000565,부산광역시 환경시설과,부산시 연제구 연산동,부산시 연제구 연산동,하수
0000566,지방공사 부산광역시 의료원,부산시 연제구 연산4동,부산시 연제구 연산4동,기타
0000567,현대건설(주),서울시 종로구 계동,서울시 종로구 계동,기타
0000568,대상건설(주),경기도 과천시 중앙동,경기도 과천시 중앙동,기타
0000569,거사온 유선방송,부산시 동래구 사직1동,부산시 동래구 사직1동,기타
0000570,한국통신,부산시 진구 가야3동,부산시 진구 가야3동,통신
0000571,금영종함건설(주),부산시 남구 문현동,부산시 남구 문현동,기타
0000572,롯데건설(주),부산시 연제구 거제동 ,부산시 연제구 거제동 ,기타
0000573,쌍용건설(주),부산광역시 동구 초량동 45-39,부산광역시 동구 충장대로 246,기타
0000574,세모건설(주),부산시 연제구 연산동 ,부산시 연제구 연산동 ,기타
0000575,차돌건설(주),자료없슴,자료없슴,기타
0000576,청목종합건설(주),부산시 부산진구 부전1동,부산시 부산진구 부전1동,기타
0000577,동서무지개타운,부산시 연제구 연산1동,부산시 연제구 연산1동,기타
0000578,상수도사업본부 동래사업소 / 신대림건설(주),부산시 부산진구 양정2동,부산시 부산진구 양정2동,기타
0000579,수영석재산업(주) / 신동원건설(주),부산시 수영구 민락동 ,부산시 수영구 민락동 ,기타
0000580,신대림건설(주) / 해남건설(주),부산시 금정구 남산동 ,부산시 금정구 남산동 ,기타
0000581,창건토건(주) / 수영석재산업(주),자료없슴,자료없슴,기타
0000582,(사)녹색교통운동 시민추진본부,부산광역시 남구 대연1동  ,부산광역시 남구 대연1동  ,기타
0000583,(재)천주교 스승예수의 제자수녀회,부산광역시 수영구 남천1동  ,부산광역시 수영구 남천1동  ,기타
0000584,국제종합건설(주),부산광역시 수영구 광안3동  ,부산광역시 수영구 광안3동  ,기타
0000585,대우(주),자료없슴 ,자료없슴 ,기타
0000586,동원종합건설(주),부산광역시 남구 대연동  ,부산광역시 남구 대연동  ,기타
0000587,민락타운 관리소,부산광역시 수영구 민락동  ,부산광역시 수영구 민락동  ,기타
0000588,민락회촌 번영회,자료없슴 ,자료없슴 ,기타
0000591,한국통신 수영전화국,부산광역시 수영구 수영동,부산광역시 수영구 수영동,통신
0000592,한국전력공사 부산전력구 건설처,자료없슴,자료없슴,전기
0000593,한국통신 대연전화국,부산광역시 남구 대연3동,부산광역시 남구 대연3동,통신
0000594,한국통신 조달본부,자료없슴,자료없슴,통신
0000595,석안건설(주),부산광역시 사하구 하단1동  ,부산광역시 사하구 하단1동  ,기타
0000596,장현개발(주),자료없슴 ,자료없슴 ,기타
0000597,재흥개발(주),부산광역시 부산진구 범천1동  ,부산광역시 부산진구 범천1동  ,기타
0000598,현성산업개발(주),자료없슴 ,자료없슴 ,전기
0000610,(주)원신설비,부산광역시 북구 구포3동,부산광역시 북구 구포3동,기타
0000611,(주)창동건설,자료없슴,자료없슴,기타
0000612,거동정밀토건(주),자료없슴,자료없슴,기타
0000613,서북건설,부산광역시 동구 초량2동,부산광역시 동구 초량2동,기타
0000614,중원건설,부산광역시 연제구 연산8동,부산광역시 연제구 연산8동,기타
0000615,한보람건설,부산광역시 중구 중앙동,부산광역시 중구 중앙동,기타
0000616,(주)제일정비,부산광역시 사상구 학장동,부산광역시 사상구 학장동,기타
0000617,(주)파워콤,부산광역시 동구 초량3동,부산광역시 동구 초량3동,통신
0000618,SK텔레콤부산네트워크본부,부산광역시 부산진구 부암동,부산광역시 부산진구 부암동,통신
0000620,금성종합건설,부산광역시 남구 대연3동,부산광역시 남구 대연3동,기타
0000622,두원철강,부산광역시 사상구 감전1동,부산광역시 사상구 감전1동,기타
0000625,삼진공항,자료없슴,자료없슴,기타
0000631,한국전력 북부산지점,부산광역시 사상구 백양대로 700번길 24,부산광역시 사상구 덕포1동,전기
0000632,한국통신 사상전화국,부산광역시 사상구 학장동,부산광역시 사상구 학장동,통신
0000633,부산광역시 환경시설공단,부산광역시 남구 용호동,부산광역시 남구 용호동,하수
0000634,동해건설 / 청수건설(주),부산시 북구 구포동,부산시 북구 구포동,기타
0000635,천지개발(주),부산 연제구 연산9동,부산 연제구 연산9동,기타
0000636,시에이치공영(주),부산 영도구 동삼동,부산 영도구 동삼동,기타
0000637,(주)달암산업,부산 해운대구 우동,부산 해운대구 우동,기타
0000638,(주)경인,부산 수영구 남천동,부산 수영구 남천동,기타
0000704,거양건설(주),부산시 동래구 수안동,부산시 동래구 수안동,기타
0000705,거양건설(주) / 석안건설(주),부산시 동래구 수안동,부산시 동래구 수안동,기타
0000706,경인(주) / 비산건설(주),부산시 수영구 광안2동,부산시 수영구 광안2동,기타
0000711,금정전화국,부산광역시 금정구 부곡3동,부산광역시 금정구 부곡3동,통신
0000712,기린렌트카(주),부산광역시 금정구 구서1동,부산광역시 금정구 구서1동,기타
0000722,대우자동차(주) 동래공장,부산광역시 금정구 금사동,부산광역시 금정구 금사동,기타
0000723,두루건설(주),부산광역시 해운대구 반여2동,부산광역시 해운대구 반여2동,기타
0000724,디.알.씨(주),부산광역시 중구 남포동,부산광역시 중구 남포동,기타
0000734,비산건설(주) / 제일공영,경남 김해시 어방동,경남 김해시 어방동,기타
0000735,비산건설(주),경남 김해시 어방동,경남 김해시 어방동,기타
0000738,승진스포텍(주),부산광역시 금정구 구서2동,부산광역시 금정구 구서2동,기타
0000739,우흥건설(주),부산광역시 동구 초량3동,부산광역시 동구 초량3동,기타
0000741,의료법인 기독교 한국침례회,부산시 금정구 남산동,부산시 금정구 남산동,기타
0000748,제일공영,자료없음,자료없음,기타
0000749,진흥기업(주),부산광역시 동래구 온천3동,부산광역시 동래구 온천3동,기타
0000751,한국전력 동래지점,부산광역시 동래구 안락2동,부산광역시 동래구 안락2동,전기
0000752,한국통신 엠닷컴(주),서울시 서초구 서초동,서울시 서초구 서초동,통신
0000753,홍산건설(주) / 거양건설(주),자료없음,자료없음,기타
0000754,KT부산망건설국,경남 김해시 구산동,경남 김해시 구산동,통신
0000801,광선건설(주),부산시 동구 초량3동,부산시 동구 초량3동,기타
0000802,중앙토건(주) / 광선건설(주),부산시 동구 초량3동,부산시 동구 초량3동,기타
0000803,상수도사업본부 시설관리사업소,부산광역시 부산진구 양정동 273-20 부산광역시상수도사업본부,,상수
0000804,상수도사업본부 사하사업소,부산광역시 사하구 괴정1동,부산광역시 사하구 괴정1동,상수
0000807,부산광역시 도시개발공사,부산광역시 부산진구 부전2동,부산광역시 부산진구 부전2동,기타
0000808,부산 신평ㆍ장림 피혁공업사업협동조합,부산광역시 사하구 장림1동 ,부산광역시 사하구 장림1동 ,기타
0000809,해신(주),부산광역시 사하구 신평동 ,부산광역시 사하구 신평동 ,기타
0000898,사하구청,부산 사하구 당리동,부산 사하구 당리동,기타
0000899,하나로텔레콤(주),부산 연제구 연산4동,부산 연제구 연산4동,통신
0000900,백중건설(주),부산 금정구 서동,부산 금정구 서동,기타
0000902,고리원자력본부,부산 기장군 장안읍 고리원자력본부,부산 기장군 장안읍 고리원자력본부,기타
0000903,한국수력원자력(주)고리원자력본부,부산 기장군 장안읍 고리원자력본부,부산 기장군 장안읍 고리원자력본부,기타
0000947,전화기부설,부산 남구 대연동,부산 남구 대연동,기타
3250000,부산광역시 중구,,,기타
3260000,부산광역시 서구,,,기타
3270000,부산광역시 동구,자료없음,자료없음,기타
3280000,부산광역시 영도구,자료없음,자료없음,기타
3290000,부산광역시 부산진구,자료없음,자료없음,기타
3300000,부산광역시 동래구,자료없음,자료없음,기타
3310000,부산광역시 남구,자료없음,자료없음,기타
3320000,부산광역시 북구,자료없음,자료없음,기타
3330000,부산광역시 해운대구,자료없음,자료없음,기타
3340000,부산광역시 사하구,자료없음,자료없음,기타
3350000,부산광역시 금정구,자료없음,자료없음,기타
3360000,부산광역시 강서구,자료없음,자료없음,기타
3370000,부산광역시 연제구,자료없음,자료없음,기타
3380000,부산광역시 수영구,부산광역시 수영구 남천동로 100,자료없음,기타
3390000,부산광역시 사상구,자료없음,자료없음,기타
3400000,부산광역시 기장군,부산광역시 기장군 기장읍 신천리 1 기장군청,,기타
0000107,한국통신 부산진전화국,부산광역시부전1동,부산광역시부전1동,통신
0000108,한국통신 연산전화국,부산광역시연제구연산2동,부산광역시연제구연산2동,통신
0000109,한신건설,자료없음,자료없음,기타
0000111,해성건설사업(주),자료없음,자료없음,기타
0000113,해화개발(주),자료없음,자료없음,기타
0000055,대우밀리오레(주),자료없음,자료없음,기타
0000066,부산광역시 생활하수과,"부산광역시 연제구 연산동  1000 부산광역시청, 부산광역시의회",,하수
0000070,부산진사업소,자료없음,자료없음,상수
0000096,제일공영(주),자료없음,자료없음,기타
0000099,지앤지텔레콤(주)부산지사,자료없음,자료없음,통신
0000010,서광건설(주),부산광역시동래구사직3동,부산광역시동래구사직3동,기타
0000037,상수도사업본부 영도사업소,부산광역시 영도구 상수도길10,영도사업소,상수
0000102,한국전력 부산전력관리처,부산광역시서구토성동1가,부산광역시서구토성동1가,전기
0000057,데이콤(주),부산광역시동구초량동,부산광역시동구초량동,통신
0000201,(주)데이콤,서울특별시 용산구 한강로3가,서울특별시 용산구 한강로3가,통신
0000202,(주)데이콤 부산지사,부산광역시 동구 초량동,부산광역시 동구 초량동,통신
0000203,(주)부산도시가스,부산광역시 수영구 남천동  545 부산도시가스,,가스
0000205,SK텔레콤(주),서울특별시 중구 남대문로 5가,서울특별시 중구 남대문로 5가,통신
0000206,SK텔레콤(주)부산Network본부,부산광역시 부산진구 부암동,신천대로 258,통신
0000207,도시고속도로관리소,부산광역시 해운대구 반여1동,부산광역시 해운대구 반여1동,기타
0000208,동부경찰서,부산광역시 동구 수정2동,부산광역시 동구 수정2동,기타
0000209,(주)드림라인,부산광역시 동구 자성로133번길15,LIG빌딩14층 드림라인,통신
0000210,부산교통공단,부산광역시 부산진구 범천1동,부산광역시 부산진구 범천1동,기타
0000238,(주)한솔아이글로브,서울 서초구 서초동 1321-11,서울 서초구 서초동 1321-11,통신
0000212,부산지방경찰청 (교통과),부산광역시 연제구 연산5동,부산광역시 연제구 중앙대로 999,기타
0000213,부산지방철도청,부산광역시 동구 초량3동,부산광역시 동구 초량3동,기타
0000214,부산진경찰서 (교통과),부산광역시 부산진구 부전1동,부산광역시 부산진구 부전1동,기타
0000215,상수도사업본부 부산진사업소,부산광역시 부산진구 중앙대로 955,상수도사업본부 3층 공무부서,상수
0000216,상수도사업본부 북부사업소,사상구 백양대로 832(덕포2동 760),,상수
0000217,상수도사업본부,부산광역시 부산진구 중앙대로 955,,상수
0000218,상수도사업본부 서부사업소,서구 자갈치로 7(충무동 1가 2-8),,상수
0000219,상수도사업본부 시설관리사업소,부산광역시 부산진구 양정2동,부산광역시 부산진구 양정2동,상수
0000220,상수도사업본부 중동부사업소,부산광역시 중구 대청동1가 6-4,,상수
0000221,서부경찰서,부산광역시 서구 서대신2가,부산광역시 서구 서대신2가,기타
0000222,연산경찰서(교통과),부산광역시 연제구 연산9동,부산광역시 연제구 연산9동,기타
0000223,한국전력공사,부산광역시 서구 토성동 1가,부산광역시 서구 토성동 1가,전기
0000224,한국전력공사 부산울산지역본부,부산광역시 부산진구 중앙대로 666번길43,,전기
0000239,금정경찰서,금정구 구서1동 85-15,금정구 구서1동 85-15,기타
0000240,남부경찰서,남구 대연3동 38-3,남구 대연3동 38-3,기타
0000241,동래경찰서,동래구 수안동 158-1,동래구 수안동 158-1,기타
0000228,(주)KT 부산본부,부산광역시 서구 아미동 1가,부산광역시 서구 아미동 1가,통신
0000242,북부경찰서,북구 화명동 2020,북구 화명동 2020,기타
0000243,사상경찰서,사상구 삼락동 402-7번지,사상구 삼락동 402-7번지,기타
0000244,상수도사업본부 강서사업소,강서구 공항로 721,대저2동 2631-1,상수
0000245,상수도사업본부 금정사업소,금정구 부곡3동 78,금정구 부곡3동 78,상수
0000246,상수도사업본부 기장사업소,부산광역시 기장군 기장읍 차성동로 31번길 10,기장읍 신천리 1번지,상수
0000234,한국전력공사 부산전력관리처,부산광역시 서구 토성동 1가,부산광역시 서구 토성동 1가,전기
0000235,한국전력공사 부산전력구건설처,부산광역시 부산진구 부전2동,부산광역시 부산진구 부전2동,전기
0000236,한국전력공사 중부산지점,부산광역시 서구 까치고개로 252,부산광역시,전기
0000247,상수도사업본부남부사업소,부산시 수영구 황령대로 503-11,,상수
0000248,상수도사업본부 동래사업소,부산 동래구 명장1동,부산 동래구 명장1동,상수
0000249,상수도사업본부 사하사업소,사하구 낙동대로 239(괴정1동 891-6),,상수
0000251,상수도사업본부 해운대사업소,해운대구 마린시티1로 7(우1동 1404),,상수
0000252,신세기통신(주),안락2동 607-8,안락2동 607-8,통신
0000253,영도구사업소,영도구 대교동 1가 2,영도구 대교동 1가 2,기타
0000254,한국전력공사 기장지점,기장읍 대라리121-1번지,기장읍 대라리121-1번지,전기
0000255,한국전력공사 남부산지점,부산광역시 해운대구 우1동 1388-8번지,,전기
0000256,한국전력공사 동래지점,동래구 안락2동 451-10,동래구 안락2동 451-10,전기
0000257,한국전력공사 북부산지점,사상구 덕포동 777-4,사상구 덕포동 777-4,전기
0000259,(주)KT 강서지점,강서구 대저2동 2401-2,강서구 대저2동 2401-2,통신
0000260,(주)KT 구포지점,북구 덕천1동 391-7번지,북구 덕천1동 391-7번지,통신
0000261,(주)KT 금사지점,금정구 금사동 144-2번지,금정구 금사동 144-2번지,통신
0000262,(주)KT 금정지점,동래구 명륜로 116,동래구 명륜로 116,통신
0000263,(주)KT 기장지점,부산광역시 기장군 기장읍 대라리 118-6 KT기장지점,,통신
0000264,(주)KT 대연지점,남구 대연3동,남구 대연3동 54-5,통신
0000265,(주)KT 동래지사,동래구 명륜동 386,동래구 명륜동 386,통신
0000266,(주)KT 미남지점,동래구 온천3동 1581,동래구 온천3동 1581,통신
0000267,(주)KT 부산망건설국,경남 김해시 구산동 749,경남 김해시 구산동 749,통신
0000268,(주)KT 북부산지사,사상구 학장동 281-9,사상구 학장동 281-9,통신
0000269,(주)KT 사하지점,부산광역시 사하구 괴정동 578-1 사하전화국,,통신
0000270,(주)KT 수영지점,수영구 수영동 458-8,수영구 수영동 458-8,통신
0000271,(주)KT 장림지점,사하구 장림2동 185-9번지,사하구 장림2동 185-9번지,통신
6260008,상수도사업본부 동래통합사업소,동래구 반송로 330,,상수
6260001,(주)씨에이치종합건설,부산시 수영구 남천동,부광빌딩 6층 601호,기타
6260026,sk브로드밴드,부산광역시 부산진구 신천대로,SK텔레콤 빌딩 7층,통신
6260030,(주)서원이엔지,부산시 남구 대연동,201호,기타
6260031,이메트릭스(주),경기도 안양시 동안구 흥안대로 427,1201호 성지스타위드,기타
6260035,금광기업(주),전라남도 화순군 화순읍 충의로 85-1,,기타
6260037,(주)송도해상케이블카,부산시 해운대구 마린시티 2로 33,두산위브더제니스,기타
6260038,전원종합건설(주),부산광역시 연제구 중앙대로 1124번길 15,101동 209호,기타
6260041,동일산업(주),부산시 남구 유엔평화로153번길,,기타
6260053,(주)광덕종합건설,부산광역시 동구 초량동,1196-7 해송빌딩 402호,기타
6260067,주식회사 동신,부산광역시 해운대구 우동1로20번길 27-10(우동),,기타
6260075,(주)구호설비,기장읍 청강로 91번길 29,,기타
6260086,(주)경성,부산광역시 금정구 금샘로 561-1,은성빌딩 2층,기타
6260103,(주)유성종합건설,부산시 부산진구 전포대로,,기타
6260110,세영건축사사무소,부산시 사상구 학감대로,,기타
6260113,남흥건설주식회사,부산진구 중앙대로 702번길 43(부전동),,기타
6260115,진성종합건설주식회사,남구 동제당로 12,,기타
6260135,(주)태화종합건설,울산 남구 번영로 166,,기타
6260136,(주)동오산업개발,부산 해운대구 좌동로 88 507호(울트라타워),,기타
6260137,부산광역시 상수도사업본부,부산 부산진구 중앙대로 955,양정동,상수
6260144,(주)성진엔지니어링,"부산광역시 동구 초량중로 99-3(초량동, 금정빌딩2층)",,기타
6260145,(주)태황건설,기장군 장안읍 장안산단9로 123,장안읍 월내리 661-3번지,기타
6260146,(주)청우건설,부산 수영구 남천동,"남천동로9번길55, 3층 (대림빌딩)",기타
6260147,(주)금호지질,부산광역시 강서구 공항로 533번가길25,대저2동 4180-3,기타
6260148,주식회사 세웅건설,부산시 동래구 명륜로 65,2층,기타
6260149,(주)케이에이치이엔씨,부산광역시 부산진구 신천대로102번길 29,,기타
6260150,대교건설(주),경남 김해시 번화1로 44번길,"12,205(대청동)",기타
6260151,예명건축사사무소,울산광역시 남구 수암로 53번길 10,남구,기타
6260152,주식회사 일성엔지니어링,부산광역시 동래구 명안로26번길 41(안락동),,기타
6260153,(주)삼우토건,부산시 기장군 기장읍 기장대로 515,,기타
6260154,부산진구,부산광역시 부산진구 시민공원로 30,부산진구청,기타
6260155,(주)영디자인그룹,부산광역시 부산진구 양지로5번길,,기타
6260156,케이디더블유건설(주),부산광역시 수영구 연수로,,기타
6260157,일탑건축사무소,부산광역시 기장군 기장읍,동부리,기타
6260158,(주)영이건설,정관읍 양수길,,기타
0000810,몰운대 성당,부산광역시 수영구 남천동,부산광역시 수영구 남천동,기타
0000811,롯데건설(주) ,서울특별시 서초구 잠원로 14길 29,서초구 잠원동 50-2 롯데복지센터빌딩,기타
0000812,대한주택보증(주),부산광역시 동구 초량동,부산광역시 동구 초량동,기타
0000813,한국통신 장림전화국,부산광역시 사하구 장림1동 ,부산광역시 사하구 장림1동 ,통신
0000814,부산경남염색공업협동조합,부산시 사하구 신평동,부산시 사하구 신평동,기타
0000820,디에스이(주) 대표이사 허인구,부산시 사하구 장림동,부산시 사하구 장림동,기타
0000823,태흥(주),부산시 부산진구 부전동,부산시 부산진구 부전동,기타
0000824,태흥(주) / 해화개발(주),부산시 부산진구 부전동,부산시 부산진구 부전동,기타
0000825,한국가스공사 남부권건설사무소,전남 순천시 조례동,전남 순천시 조례동,기타
0000826,석파학원,부산시 사하구 괴정동,부산시 사하구 괴정동,기타
0000827,한국중공업(주),부산시 사하구 다대1동 ,부산시 사하구 다대1동 ,기타
0000828,부산장림도금조합,부산시 사하구 장림동,부산시 사하구 장림동,기타
0000829,지봉종합건설(주) 김종인,부산시 사하구 괴정동,부산시 사하구 괴정동,기타
0000830,성경종합건설(주),부산시 사하구 괴정4동,부산시 사하구 괴정4동,기타
0000832,사하농협조합장 윤두영,부산시 사하구 당리동,부산시 사하구 당리동,기타
0000115,LG건설(주),자료없음,자료없음,기타
0000114,호텔롯데(주),자료없음,자료없음,기타
0000013,조성전력,자료없음,자료없음,기타
0000001,금양수산,자료없음,자료없음,기타
0000003,동아건설,자료없음,자료없음,기타
0000005,부산가스,자료없음,자료없음,가스
0000006,부산전화건설국,자료없음,자료없음,통신
0000007,부산전화국,자료없음,자료없음,통신
0000008,상수도사업본부 시설관리사업소,부산광역시양정2동,부산광역시양정2동,상수
0000009,상수도사업본부 중동부사업소,부산광역시중구대청동1가,부산광역시중구대청동1가,상수
0000011,신동원건설(주),부산광역시금정구장전1동,부산광역시금정구장전1동,기타
0000012,아미전화국,자료없음,자료없음,통신
0000014,하나로통신(주),부산광역시연제구연산4동,부산광역시연제구연산4동,통신
0000015,한국전력 중부산지점,부산광역시서구토성동1가,부산광역시서구토성동1가,전기
0000016,한국통신 아미전화국,부산광역시서구아미동1가,부산광역시서구아미동1가,통신
0000017,해남건설(주),부산광역시수영구남천1동,부산광역시수영구남천1동,기타
0000018,대광수도(주)노동백,자료없음,자료없음,기타
0000019,대광수도(주)노성영,자료없음,자료없음,기타
0000020,부산광역시 건설본부,부산 연제구 연산5동,부산 연제구 연산5동,기타
0000022,부산진시장개발(주),자료없음,자료없음,기타
0000023,신부건설(주)성주현,자료없음,자료없음,기타
0000024,신세계종합금융(주),자료없음,자료없음,기타
0000025,신아토건(주)박영복,자료없음,자료없음,기타
0000026,우흥건설(주)김성해,자료없음,자료없음,기타
0000028,지앤지텔레콤(주),자료없음,자료없음,통신
0000029,철도청 부산전기,자료없음,자료없음,기타
0000030,한국아스텐 엔지니어링(주),자료없음,자료없음,기타
0000031,한국전력 부산지사,자료없음,자료없음,전기
0000032,한국통신 범일전화국,부산광역시동구범일2동,부산광역시동구범일2동,통신
0000033,한국통신 부산전화국,부산광역시중구중앙동4가,부산광역시중구중앙동4가,통신
0000034,강호건설(주),부산광역시영도구봉래2가,부산광역시영도구봉래2가,기타
0000035,대진 라이너(주),자료없음,자료없음,기타
0000036,덕창건설(주),부산광역시금정구장전2동,부산광역시금정구장전2동,기타
0000038,자료없음,자료없음,자료없음,기타
0000039,한국전력 영도지점,부산광역시영도구남항2가,부산광역시영도구남항2가,전기
0000040,한국통신 영도전화국,부산광역시남항동1가,부산광역시남항동1가,통신
0000041,홍원건영(주)서홍배,자료없음,자료없음,기타
0000044,거북건설(주),부산시 수영구 망미로28번길 40,망미동 806-29 3층,기타
0000045,건설안전시험사업소,부산광역시 금정구 회동동 450 건설안전시험사업소,,기타
0000046,국제종합건설,자료없음,자료없음,기타
0000049,금호개발(주),자료없음,자료없음,기타
0000050,길정종합건설,자료없음,자료없음,기타
0000058,동해건설(주),자료없음,자료없음,기타
0000059,드림라인(주),부산광역시사상구감전동,부산광역시사상구감전동,통신
0000064,부산광역시 교통관리과,자료없음,자료없음,기타
0000065,부산광역시 녹지사업소,자료없음,자료없음,기타
0000067,부산광역시 하수시설과,자료없음,자료없음,하수
0000068,부산은행 부전동지점,자료없음,자료없음,기타
0000069,부산지방 철도청,부산광역시동구초량3동,부산광역시동구초량3동,기타
0000071,부산진전화국,자료없음,자료없음,통신
0000072,부산철도차량정비창,자료없음,자료없음,기타
0000074,삼협개발(주)김원일,자료없음,자료없음,기타
0000075,상수도사업본부 부산진사업소,부산광역시부산진구부암1동,부산광역시부산진구부암1동,상수
0000076,상수도사업본부,부산광역시남천1동,부산광역시남천1동,상수
0000077,서전종합건설,자료없음,자료없음,기타
0000085,연지청구재건축APT공사,자료없음,자료없음,기타
0000094,정아건설(주),부산광역시부산진구부전1동,부산광역시부산진구부전1동,기타
0000095,제14부산아시아경기대회조직위원회,자료없음,자료없음,기타
0000097,종합건설본부,자료없음,자료없음,기타
0000098,지앤지네트웍스(주),자료없음,자료없음,통신
0000100,태광산업(주),자료없음,자료없음,기타
0000101,하수시설과 손춘식,자료없음,자료없음,하수
0000103,한국전력 부산진지점,부산광역시부산진구부전2동,,전기
0000104,한국통신 가야전화국,부산광역시가야2동,부산광역시가야2동,통신
0000105,한국통신 건설단,서울특별시서초구방배동,서울특별시서초구방배동,통신
0000106,한국통신 부산전화건설국,경남김해시구산동,경남김해시구산동,통신
0000944,UIS교육본부,부산 연제구 연산동,부산 연제구 연산동,기타
0000949,부산도시정보,부산 연제구 연산5동,부산 연제구 연산5동,기타
0000954,부산도시가스(주),부산 연제구 연산1동,부산 연제구 연산1동,가스
0000945,UIS교육,부산 연제구 연산1동,부산 연제구 연산1동,기타
0000951,테스트업체1,부산 연제구 거제3동,부산 연제구 거제3동,기타
0000953,냉동공조가스,부산 동구 수정동,부산 동구 수정동,난방
0000904,부산광역시선거관리위원회,부산 연제구 연산동,부산 연제구 연산동,기타
0000905,부산테크,부산 수영구 남천동,부산 수영구 남천동,기타
0000906,(주)두산산업개발,부산 동구 범일동,부산 동구 범일동,기타
0000907,협성르네상스(주),부산 동구 수정동,부산 동구 수정동,기타
0000908,부산김해경전철주식회사,경남 김해시 부원동,경남 김해시 부원동,기타
0000910,남구 건설과,부산 남구 대연6동 남구청,부산 남구 대연6동 남구청,기타
0000911,(주)원당기획,서울 강남구 신사동,서울 강남구 신사동,기타
0000912,천부건설(주),부산 북구 구포2동,부산 북구 구포2동,기타
0000913,상수도사업본부 명장정수사업소,부산 동래구 명장동,부산 동래구 명장동,상수
0000914,성림엔지니어링(주) 부산지점,부산 강서구 명지동,부산 강서구 명지동,난방
0009990,개인굴착그룹,,,기타
0000937,SK 텔레콤(주) 동부 Network 본부,부산 부산진구 부암동,부산 부산진구 부암동,통신
0000938,한국가스공사관로건설사무소,대구 수성구 신매동,대구 수성구 신매동,기타
0000939,부산광역시 교통혁신본부 버스운영과,부산 연제구 연산5동 부산광역시청,,기타
0000940,(주)엘지파워콤부산지사,부산 동구 초량동,부산 동구 초량동,통신
0000943,uis굴착,부산 연제구 연산5동,부산 연제구 연산5동,기타
0000941,(주)부광엔지니어링,부산 부산진구 개금동,부산 부산진구 개금동,기타
0000942,한국철도시설공단 영남지역본부,부산 중구 중앙동,부산 중구 중앙동,기타
0000836,대원엔지니어링(주),경남 양산시 동면,경남 양산시 동면,기타
0000840,대한제강(주),부산시 사하구 신평동,부산시 사하구 신평동,기타
0000842,동방교통공사,부산시 사하구 장림동,부산시 사하구 장림동,기타
0000844,현대상선(주),서울특별시 중구 무교동,서울특별시 중구 무교동,기타
0000846,삼정티지이(주),부산시 남구 대연3동,부산시 남구 대연3동,기타
0000847,한국가스공사 경남지사 홍기운,경남 김해시 안동,경남 김해시 안동,기타
0000848,원우산업(주),부산시 남구 대연동,부산시 남구 대연동,기타
0000849,케이쎄븐마트(주) 강동화,부산시 사하구 장림1동,부산시 사하구 장림1동,기타
0000850,대성(주),경남 마산시 합포구 해운동,경남 마산시 합포구 해운동,기타
0000851,하우엔지니어링(주) 손병찬,경남 김해시 어방동,경남 김해시 어방동,기타
0000852,한국기계(주),부산시 사하구 신평동,부산시 사하구 신평동,기타
0000853,동광화학공업사 이남석,부산시 사하구 신평동,부산시 사하구 신평동,기타
0000856,가야이엔지(주),부산시 동구 초량3동,부산시 동구 초량3동,기타
0000860,한국통신 부산망건설국,경남 김해시 구산동,경남 김해시 구산동,통신
0000861,한국통신 사하전화국,부산시 사하구 괴정4동,부산시 사하구 괴정4동,통신
0000863,합자회사 조광,부산시 사하구 괴정1동,부산시 사하구 괴정1동,기타
0000865,보해토건(주),경남 김해시 부원동,경남 김해시 부원동,기타
0000866,데이콤 부산지사,부산시 동구 초량동,부산시 동구 초량동,통신
0000867,배정가스공영(주),부산시 사하구 장림동,부산시 사하구 장림동,기타
0000868,시에이치공영(주) / 제일공영(주),부산시 사하구 하단2동,부산시 사하구 하단2동,기타
0000869,대광수도,자료없음,자료없음,기타
0000870,해천(주) / 해남건설(주),부산광역시 부산진구 부암동,부산광역시 부산진구 부암동,기타
0000873,은창(주) 장용만,부산시 부산진구 부전동,부산시 부산진구 부전동,기타
0000876,한국전력 부산복합화력건설처장 신욱상,부산시 사하구 감천1동 ,부산시 사하구 감천1동 ,전기
0000879,담당자(김태완),부산 북구 구포2동 북구청,부산 북구 구포2동 북구청,기타
0000877,부산광역시교육청,부산 부산진구 양정동,부산 부산진구 양정동,기타
0000878,(주)계담종합건설,부산 북구 화명동,부산 북구 화명동,기타
0000880,한국고속철도건설공단,충북 영동군 매곡면 어촌리,충북 영동군 매곡면 어촌리,기타
0000881,중암토건(주),부산 동래구 온천3동,부산 동래구 온천3동,기타
0000882,지윤종합건설(주),부산 연제구 거제1동,부산 연제구 거제1동,기타
0000883,시지이엔씨(주) 장혁수,서울 구로구 구로동,서울 구로구 구로동,기타
0000884,(주)제일협성,부산 영도구 동삼1동,부산 영도구 동삼1동,기타
0000885,중앙기산,부산 기장군 기장읍 대라리,부산 기장군 기장읍 대라리,기타
0000887,(주)KT부산망건설국,경남 김해시 구산동,경남 김해시 구산동,통신
0000888,SK 네트웍스(주),서울 중구 을지로3가,서울 중구 을지로3가,통신
0000889,두양건설(주),부산 사하구 하단동,부산 사하구 하단동,기타
0000890,(주)KT 덕포지점,부산 사상구 덕포2동,부산 사상구 덕포2동,통신
0000891,부산광역시 공업기술과,부산 연제구 연산동,부산 연제구 연산동,난방
0000892,센텀시티(주),부산 연제구 연산동,부산 연제구 연산동,기타
0000893,(주)케이티프리텔,부산 금정구 부곡2동,부산 금정구 부곡2동,통신
0000894,부산항만공사,부산 중구 중앙동,부산 중구 중앙동,기타
0000895,(주)KT금사지점 김성덕,부산 금정구 금사동,부산 금정구 금사동,통신
0000896,부산광역시 정보화담당관실,부산 연제구 연산5동 부산광역시청,부산 연제구 연산5동 부산광역시청,기타
1111111,테스트,테스트,,기타
6260002,상수도사업본부 수질연구소,경남 김해시 상동면 동북로 691(매리 421-1),,상수
6260003,상수도사업본부 명장사업소,동래구 반송로 310(명장1동 345),,상수
6260004,상수도사업본부 화명사업소,북구 와석장터로 45(화명동 668),,상수
6260005,상수도사업본부 덕산사업소,경남 김해시 대동면 동북로 67(덕산리 745),,상수
6260006,(주)엘지유플러스,서울시 강서구 마곡중앙8로 71 엘지사이언스파크 E9동 NW기획팀,,기타
6260009,(주)푸른에너지,부산시 연제구 온천천 남로 128,,기타
6260010,장전3구역주택재개발정비사업조합,부산광역시 금정구 금정로46,,기타
6260011,(주)소정플랜트,부산시 해운대구 재송동,179-84 2층,기타
6260014,(주)경원이엔지,부산시 남구 황령대로486,"한동빌딩 401호. (황령대로486, 한동빌딩401호)",기타
6260015,주식회사 광일산업,부산광역시 수영구 수영로   745,부산광역시 수영구 수영로   745 (2층),기타
6260016,(주)금정토건,"부산진구 중앙대로 981,429호","부산진구 중앙대로 981,429호(양정동,시청센트빌)",기타
6260017,지원건설 주식회사,부산광역시 사하구 낙동대로 500,시티파크 O/T 3층,기타
6260018,용진플랜트(주),부산광역시 영도구 일산봉로37번길 20-6,,기타
6260019,(주)왕도지엔비,부산 진구 초읍동 529-40,,기타
6260021,주식회사 세정에너텍,부산광역시 동래구 명안로45번길 58,,기타
6260022,(주)국보에너지,부산광역시 남구 대연동,,기타
6260024,(주)서희건설,경기도 성남시 분당구 수내로,"(수내동,경동빌딩8층)",기타
6260025,(주)부산이엔지,부산시 연제구 과정로 218,4층,기타
6260028,금련산청소년수련원,"부산시 수영구 황령산로 156 (광안동, 금련산청소년수련원)",,기타
6260029,정평도시가스(주),부산시 동래구 명장로 63번 다길 6,상가동 103호,기타
6260033,한국전력공사 서부산지사,부산시 강서구 유통단지1로 41,부산티플렉스 본관동 2층,전기
6260034,윤나건설,부산광역시 북구 만덕대로115번길 19,,기타
6260039,(주)대한가스기공,부산광역시 사상구 대동로64번길 25,금강아파트A 상가,기타
6260042,코오롱글로벌(주),경기도 과천시 코오롱로11,,기타
6260044,(주)두영개발,"동래구 낙민로 18-1, 2층(낙민동)",,기타
6260045,(주)칸에너지,부산광역시 남구 유엔로 15 일신보라아파트 상가동 202호,일신보라아파트 상가동 202호,기타
6260047,(주)태광환경이엔지,부산 기장군 기장읍 청강로 57번길,태광환경(주),기타
6260048,(주)이린,부산광역시 수영구 장대골로 7번길 45,"광안동,광안유림주상복합",기타
6260049,(주)미래테크닉스,부산광역시 수영구 무학로 9번길15-1,동트레상가 505호,기타
6260050,정우종합건설(주),경상남도 양산시 상북면 석계리 1124-2,3층,기타
6260054,장문종합건설(주),부산광역시 부산진구 개금동,2층,기타
6260056,(주)한라지리정보,"경남 창원시 성산구 완암로 50, 넥스동 707호",,기타
6260058,부산정관에너지(주),부산시 기장군 정관읍 산단1로 83,부산시 기장군 정관읍 산단1로 83,난방
6260060,(주)삼정코아건설,기장읍 내리 792,,기타
6260061,(주)한창엔지니어링,부산광역시 수영구 남천동,광남로 33 7층,기타
6260062,(주)더조은,부산광역시 강서구 미은산단로,1층(미음동),기타
6260064,오수산업개발,부산 사하구 대티로 17번길,,기타
6260066,(주)청록산업개발,울산광역시 울주군 삼남면 서향교 2길 27,,기타
6260068,(주)두우건설,울산광역시 울주군 온양읍 남창리,,기타
6260069,SK브로드밴드주식회사,부산 금정구 회동동,,통신
6260071,(주)대교이엔지,부산시 연제구 월드컵대로243번길 19(거제동 동원타워603호),거제동 1029-2,기타
6260072,(주)도담종합건설,부산광역시 해운대구 반여로 131,"(반여동,아시아선수촌프레스센터) 상가-512",기타
6260074,영진환경,부산광역시 금정구 중앙대로,1778번길 27(부곡동) 영진환경,기타
6260076,"주식회사 티브로드 낙동방송, 서부산방송, 동남방송",부산시 사하구 신산로 177-3,,기타
6260077,주식회사 영동,부산광역시 수영구 남천동  18-25 자미빌딩,자미빌딩 4층,기타
6260078,흥우건설(주),부산광역시 중구 중앙대로,,기타
6260079,에스케이브로드밴드주식회사,부산 금정구 회동동,,통신
6260080,(주)세정건설,부산광역시 금정구 무학송로 158,부곡동 11-1번지,기타
6260081,(주)동해이엔지,부산광역시 해운대구 센텀중앙로,우동 퍼스트인센텀,기타
6260082,동림건축사 사무소,부산 기장군 기장읍 대라리,,기타
6260084,금강주택,"서울특별시 강남구 봉은사로 304,1층(역삼동)",부산진구 개금동 177-20번지 금강주택 현장사무실,기타
6260085,㈜현대HCN부산방송,부산시 동래구 중앙대로 1455 (온천동),,통신
6260087,엠그린종합건설,부산광역시 사상구 주례로10번길 78,,기타
6260088,원일이엔씨,"부산광역시 부산진구 중앙대로902 5층(양정동, 찬영빌딩)",,기타
6260089,(주)광명전력공사,부산시 사상구 학장동,,기타
6260090,(주)한일개발,부산광역시 강서구 대저중앙로(대저1동),,기타
6260092,일강건설(주),"부산광역시 해운대구 APEC로 17, 2604호",,기타
6260012,한국도로공사 김해부산건설사업단,경상남도 양산시 동면 금오로 242,GOOD프라임 빌딩 501~505호,기타
6260013,정우이엔에스(주),부산광역시 황령대로 319번길 152,남구 황령대로 319번길 152 (3층),기타
6260020,한평종합건설(주),부산시 부산진구동평로 396,이산빌딩4층,기타
6260023,(주)대림에너지,부산시 남구 동명로 128,시저A커트 3층,기타
6260036,한라종합건설(주),경상남도 김해시 대청로 210번길 20,비젼타워 404호,기타
6260040,(주)운현건설,부산시 남구 대연동 용소로19번길 85,리더스빌 601호,기타
6260046,(주)청목이엔씨,부산광역시 연제구 법원로 28(거제동),부산법조타운 1306호,기타
6260051,(주)청호이엔지,부산광역시 동래구 충렬대로 108번길 6(온천동),,기타
6260052,(주)동부토건,부산광역시 진구 가야대로 754,부산광역시 진구 부전동 505-6번지 한솔폴라리스,기타
6260057,부산도시공사,부산진구 신천대로 156,,기타
6260063,(주)성운종합건설,경남 김해시 해반천로,,기타
6260070,(주)선우종합건설,부산시 해운대구 마린시티2로 2(마린파크 202호),,기타
6260083,(주)동토기초지질,부산광역시 동래구 충렬대로,,기타
6260091,동수토건(주),부산광역시 수영구 연수로 405,수용빌딩 4층,기타
6260094,갑을건설(주),경북 구미시 3공단3로,,기타
6260095,한국원자력연구원,대정광역시 유성구 대덕대로 989번길 111,대전 유성구 덕진동 150-1번지,기타
6260096,주식회사경보종합건설,부산시 동래구 명륜로,"수안동, 경보이리스힐상가 12층 1202호",기타
6260097,성광전력(주),김해시 김해대로2529번길 28,,기타
6260098,부산환경공단 집단에너지사업소,부산광역시 해운대구 해운대로 896,부산환경공단 집단에너지사업소 3층,난방
6260099,(주)경보종합건설,부산시 동래구 명륜로,"수안동, 경보이리스힐상가 12층 1202호",기타
6260100,(주)예진건설,부산시 기장군 일광면 화전2길 86-16,,기타
6260101,주식회사 씨제이헬로비젼,서울 마포구 월드컵북로56길 19,6층,통신
6260102,(주)가화건설,부산광역시 기장군 정관읍 방곡리,,기타
6260104,(주)델타종합건설,부산 강서구 공항로 743번길 2-1,,기타
6260105,(주)아키포럼건축사사무소,부산시 동래구 온천2동,부산은행 미남지점 3층,기타
6260106,미담건축사사무소,동래구 온천동,,기타
6260107,재흥건설(주),부산광역시 남구 수영로,대연힐스테이트 푸르지오 115동 313호,기타
6260108,(주)보람엔지니어링,부산시 북구 만덕동,,기타
6260109,(주)푸른환경 이.엔.지,경남 김해시 풍유동,경남 김해시 칠산로 387번길 52-3,기타
6260111,(주)태경건설,대구시 동구 신천4동,세웅빌딩 2층,기타
6260112,(주)대우건설,부산광역시 서구 고운들로 189번나길,,기타
6260114,(주)부근건설,"부산광역시 사하구 하신중앙로335번길 18(하단동,3층)",,기타
6260000,부산광역시,자료없음,자료없음,기타
6260007,(주)케이씨씨건설,부산광역시 금정구  두구동,,기타
6260027,(주)중구에너지,부산시 남구 유엔로 203,,기타
6260032,(주)동일,부산광역시 부산진구 중앙대로 621번길 624,,기타
6260043,(주)대정건설,부산진구 중앙대로 692번길46-10,,기타
6260055,푸른도시가꾸기사업소,부산시 연제구 고분로191번길 6,,기타
6260059,삼정코아건설,기장읍 내리 792,,기타
6260065,대신종합건설(주),부산시 동래구 호현길19(안락동 2층),,기타
6260073,(주)유진환경,부산광역시 부곡3동,중앙대로 1778번길 20(부곡동),기타
6260093,(주)에이스주택건설,부산광역시 수영구 광안동,,기타
6260116,세경건설(주),부산광역시 연제구 거제동,,기타
6260117,(주)지운토건,동래구 명안로,,기타
6260118,(주)혜도,부산 부산진구 중앙대로 749(부전동)혜도빌딩 11등,,기타
6260119,(주)광림엔지니어링건설,부산지 연제구 거제2동,현대오일뱅크 2층,기타
6260120,유진환경,부산광역시 금정구 노포 사송로 9-1,,기타
6260121,서대신6구역 주택재개발정비사업조합,부산광역시 서구 대영로45번길,3층,기타
6260122,(주)대흥기업,부산광역시 해운대구 해운대로 1138(송정동),,기타
6260123,(주)새금정,"부산진구 중앙대로 981, 양정동 시청센트빌 429호",,기타
6260124,해창건설산업(주),부산시 기장군 정관읍 매곡길14,,기타
6260125,덕경종합건설(주),부산시 사상구 강변대로 458,,기타
6260126,부산대학교병원,부산광역시 서구 아미동1가,부산광역시 서구 구덕로 179,기타
6260127,(주)신세양토건,부산광역시 금정구 두실로,"남산동, 3층",기타
6260128,태형건업,부산광역시 동구 진성로,윤영빌딩 3층 301호,기타
6260129,강희건설(주),부산광역시 연제구 연산동,중앙대로 1052번길 16,기타
6260130,(주)인텔리지오,서울특별시 구로구 디지털로,대륭포스트타워1차 2004호,기타
6260131,서대신2구역 주택재개발정비사업조합,부산광역시 서구 보수대로,2층(동대신동3가),기타
6260132,(주)영민종합건설,경남 김해시 분성로 418번길 4,동상동,기타
6260133,(주)케이티,부산시 해운대구 송정광어골로 42,해운대구 송정동,기타
6260134,(주)제이케이수,부산시 금정구 동천로 4,회동동 155-1,기타
6260138,(주)MS이엔지,부산시 사상구 학장로 161,학장동,기타
6260139,휴먼아이티에스(주),부산 기장군 기장읍 차성로 56.번길,,기타
6260140,(주)이정종합건설,부산시 사상구 학장로 173,"부산시 사상구 학장로 173, 3층",기타
6260141,부산지방경찰청,부산광역시 연제구 중앙대로 999,부산지방경찰청,기타
6260142,(주)우진종합건설,부산시 해운대구 센텀북대로 60,센텀아이에스타워 12층 1207호,기타
6260143,(주)아이스원,부산광역시 수영구 연수로259,5층(망미동),기타
6260162,에스제이건설(주),부산광역시 금정구 금강로,3층,기타
6260163,경토엔지니어링,부산광역시 강서구 대저1동,,기타
6260167,마인드원(주),서울특별시 강남구 논현로 26길 10,,기타
6260197,성림종합건설 주식회사,부산시 금정구 금정로 251,"구서동, 성림빌딩 6층",기타
6260204,(주)호금,"부산광역시 중구 중앙대로 160, 4층 403호",,기타
6260207,(주)에이앤티종합건축사사무소,동래구 충렬대로,,기타
6260212,우림환경 주식회사,김해시 삼계동 69번길 22-26,,기타
6260222,(주)사라다,해운대구 센텀북대로 60,,기타
6260224,(주)부경이엔지,양신 상북면 외석리,,기타
6260227,(주)강민종합건설,부산시 금정구 기찰로42-1,,기타
6260234,(주)모티,부산광역시 부산진구 중앙대로691번길 9,6층 (주)모티,기타
6260238,봉래1구역주택재개발정비사업조합,부산광역시 영도구 대교로 14번길,,기타
6260239,(주)디알시스템,사하구 승학로 31번길,,기타
6260251,남흥건설(주),중앙대로 702번길 43,,기타
6260255,우경테크 주식회사,경남 창원시 의창구 도계동,"창원시 의창구 도계로 102, 대남상가 210호",기타
6260256,대룡종합건설(주),부산시 기장군 장안읍 기장대로 1593-1 1동,,기타
6260260,(주)두잉건설,부산광역시 연제구 연산동 1498-32,,기타
6260263,광성종합건설(주),가야대로464(개금동),개금동 163-8,기타
6260274,한국건설안전기술(주),부산광역시 수영구 수영로 678(광안동),부산광역시 수영구 광안동 89-2,기타
6260281,문보건설,경남 양산시 삼호로 188,,기타
6260293,주식회사태광이엔지,경남 김해시 삼계동,,기타
6260301,태옹건설(주),부산 사상구 대동로 9 해영빌딩 402,,기타
6260306,태경이엔지,경남 김해시 삼계동,,기타
6260307,(주)하나씨엔에스,강원도 원주시 태광공단길 42-11(태장동),,기타
6260323,(주)수양건설,부산시 사하구 하신번영로 417,,기타
6260328,(주)누리세움,부산광역시 강서구 대저2동 1851-1,2층,도로
6260350,시행건설(주),부산광역시 수영구 광안동,광안아파트 관리사무실3층,기타
6260358,중아건설(주),부산광역시 금정구 중앙대로 1622 2008호,,기타
6260361,(주)유림종합건설,부산진구 전포동,892-20번지 지오플레이스 7층 7002호,기타
6260371,주우종합건설(주),부산시 금정구 반송로 406-10,,기타
6260372,(주)뉴동아건설,부산광역시 동구 망양로533번길 8(초량동),,기타
6260373,성산건설(주),경남 김해시 칠산로 265번길 12-6(화목동),,기타
6260379,(주)한창이엔씨,부산 중구 중앙대로42번길 5(중앙동5가),동주빌딩 11층,기타
6260386,수호산업개발(주),광장로 86번길 6,,기타
6260388,(주)삼영코스모건설,부산시 동래구 515-3번지 202호,,기타
6260391,신유건설(주),"부산광역시 수영구 수영로 557, 601호(광안동)호암빌딩",,기타
6260164,(주)대림,두실로 45번길,,기타
6260174,(주)일광개발,경남 양산시 대운로124(명동),,기타
6260187,(주)다인토건,"부산광역시 사하구 하신번영로 417, 403(하단동, 리버타운)",,기타
6260191,두산건설(주),부산시 금정구 구서동,부산시 기장군 정관읍 달산리 1244번지,기타
6260208,(주)은우종합건설,부산광역시 금정구 금샘로24,,기타
6260216,(주)에스에이치,"서구 부용로 44-5 1동 7층 701호(부용동2가, 마블스타플레이스)",,기타
6260217,(주)형석종합건설,영도구 청학동로77 더클래식 201호,,기타
6260228,(주)부일디지탈텍,부산시 부산진구 범천동,한마음 빌딩 5층,통신
6260241,주식회사조희종합건설,"부산광역시 해운대구 송정중앙로9,2층(송정동",,기타
6260242,(주)경성리츠,사하구 낙동대로 180,,기타
6260248,㈜양지건설,경기도 과천시 별양동,과천오피스텔,기타
6260250,네오건설(주),부산광역시 금정구 금정로 226,,기타
6260252,광승종합건설(주),부산시 중구 중앙대로 26(중앙로6가),부산광역시 중구 중앙동6가 69-1,기타
6260254,(주)생보부동산신탁,"서울특별시 강남구 테헤란로 424, 14층(대치동, 삼성생명 대치타워)","테헤란로 424, 14층(대치동, 삼성생명 대치타워)",기타
6260288,(주)서원유통,부산시 북구 금곧대로 52,,기타
6260297,대선이엔씨,서울시 서초구 반포동,,기타
6260298,도우건설 주식회사,"청강로 76, 107동 상가 2층 201호",,기타
6260312,백양건업,부산광역시 기장군 정관읍 용수리 1329-1 에이스프라자,에이스프라자 204호,개인
6260343,유니텍코리아,부산 기장군 철마면 고촌로11,L-H 208동 1103호,하수
6260352,금강통신(주),부산광역시 금정구 개좌로 266-19(회동동),,기타
6260357,(주)한울안종합건설,부산시 기장군 기장읍 기장대로 527,,기타
6260359,주은건축사사무소,부산시 강서구 대저로199,,기타
6260360,(주)은과빛,부산광역시 중구 구덕로,,기타
6260366,전포1-1구역 주택재개발정비사업조합,부산광역시 부산진구 전포동 27-27,,기타
6260374,주식회사 대풍건설,부산광역시 해운대구 재송1로 12,거호빌딩 5층,기타
6260378,홍기종합건설(주),경남 김해시 칠산로 399번길7 (화목동),,기타
6260387,(주)이지에버텍,부산진구 기장군 기장읍,배산로8번길 89(서부리 454),기타
6260392,(주)신태영종합건설,부산시 사상구 백양대로349,A동2층(주례동),기타
6260400,(주)은경이엔지,부산시 강서구 미음산단1로 15번길,,기타
6260403,주식회사 경보,경남 김해시 경원로 55번길 26 8층,파크프라자 8층,기타
6260404,(주)도원토건,경남 김해시 내외로 95번길 21,,기타
6260405,(주)한국종합기술,서울시 강동구 상일로6길 21,,기타
6260406,웅진이디티(주),경남 김해시 전하로7번길 9,,기타
6260407,(주)동인종합건설,부산광역시 부산진구 백양대로 18번길 54,4층(다온빌딩) 부암동,기타
6260408,㈜이에스종합건설,"부산시 금정구 금정로 255, 102호(구서동)",1층,기타
6260169,동산환경엔지니어링(주),부산 강서구 낙동남로,582번가길 14(녹산동),기타
6260175,(주)대성에너지,"부산광역시 연제구 과정로132번길 20,2층",,기타
6260177,(주)천지건설산업,부산광역시 금정구 294-1번지,"부곡로 140, 401호(부곡동, 금정프라자)",기타
6260182,대공이엔지(주),경북김천시영남대로2120,,기타
6260203,대영종합중기,울산광역시 남구 월평로 199번길 14,,기타
6260205,근영건설(주),부산광역시 강서구 대저로 89번 가길 50,"거제동, 지하",기타
6260209,주식회사 동성지오텍,"서울특별시 서초구 방배천로4길 28(방배동, 3층)",,기타
6260214,애드아키텍처,"부산시 연제구 과정로 114번길 42, 1층",,기타
6260215,(주)태린건설,"부산시 동래구 여고북로 188, 2층(사직동)",사직동 141-34,기타
6260221,(주)진성환경건설,경상남도 김해시 칠산로179번길 (이동),,기타
6260229,주식회사CJ헬로,부산시 부산진구 전포동,,통신
6260230,우림건축사사무소,부산광역시 영도구 태종로,(청학동),기타
6260233,(주)초록종합건설,부산 기장군 장안읍 장곡길 199 1층,,기타
6260236,에스케이건설(주),서울특별시 종로구 인사동 7길,,기타
6260243,(주)태성종건,"울산광역시 남구 봉월로146번길 11 (신정동, 태성시티타워)",,기타
6260244,강명종합건설(주),부산광역시 강서구 신호동,,기타
6260261,동명건설,경기도 안양시 동안구 경수대로,,기타
6260271,(주)민지종합건설,양산시 명동 707-7 2층,,기타
6260272,DM종합건설,부산 기장군 일광면 이천6길 20,"2층, 201호",기타
6260294,호인건설(주),부산시 강서구 호계로 133(죽동동),2층,기타
6260295,동리종합건설(주),부산광역시 연제구 중앙대로 1217,국제빌딩내 12층(거제동),기타
6260311,성무종합건설(주),부산광역시 연제구 중앙대로 1139,(연산동) 3층,기타
6260315,(주)삼광건업,"부산 동래구 충렬대로 351,403호 (안락동, 성광빌딩)",,기타
6260317,(주)광일건설,부산시 기장군 철마면 안평로 11번가길 17,기장군 철마면 안평리,기타
6260318,성림에너지(주),부산광역시 강서구 화전동 600-11,,가스
6260319,(주)대한이엔지,경남 김해시 김해대로 2400번길 24-17,부원동 212-4번지 302호,기타
6260322,(주)만연건설,부산시 동래구 사직동,,기타
6260325,주식회사 케이티,부산광역시 중구 주앙동4가,,통신
6260326,좌천2구역도시환경정비사업조합,부산시 동구 자성로8번길 42,한백오피스텔 402호,기타
6260330,현민종합건설(주),부산시 기장군 일광면 삼성2길 6 삼양비치빌라 201,,기타
6260334,인사이트정보,경남 양산시 남부동,새양산빌딩,기타
6260340,이일건축사사무소,명륜동,,기타
6260341,에즈원종합건설(주),서울특별시 강남구 봉은사로 418 9층,,기타
6260342,21세기 건설,"경남창원시 의창구 원이대로 271, 701호",,기타
6260351,태성개발(주),경남 창원시 마산합포구 오동동14길 29 제 231호,기산상가아파트,기타
6260377,희성산업주식회사,창원시 진해구 안청남로 13,,기타
6260161,(주)익수종합건설,부산시 기장군 장안읍 해맞이로 430,,기타
6260171,(주)지오뱅크,부산광역시 동래구 안락동 충렬대로432,3층,기타
6260178,(주)한승종합건설,부산시 기장군 정관읍 달산리994-8번지,1층 한승종합건설,기타
6260179,협성건설,"부산광역시 진구 당감로104(부암동, 6층 협성프라자)",,기타
6260180,매암건설 주식회사,부산광역시 기장군 기장읍 배산로 73,동부리 390-5 신라건설,기타
6260185,(주)에넥스트,부산광역시 금정구 반송로,금사동,기타
6260186,서대신7구역 주택재개발 정비사업조합,부산광역시 서구 구덕로,신용빌딩 4층,기타
6260190,한국전력공사 남부건설본부,부산광역시 서구 보수대로 21,,전기
6260194,동대신1구역 주택재개발 정비사업 조합,동대신동 3가,194-2 2층,기타
6260198,성구건설(주),경남 김해시 주촌면 서부로 1701번 안길,,기타
6260206,부산환경공단 동부사업단,부산광역시 동래구 온천천남로,,하수
6260213,(주)일우건설,경북 경산시 와촌면 새터길 27,,기타
6260219,케이티건설(주),"부산광역시 남구 천제등로 11, 1층 (대연동, 동성상가1층)",,기타
6260223,(주)월가,"부산 사하구 하신중앙로 331,6층",사하구 하단동 590-5 하이웰빌딩,기타
6260231,(주)대덕조경,"부산광역시 연제구 시청로 32번길 21, (5층)",,기타
6260237,범아건설(주),부곡온천천로116,,기타
6260253,부산환경공단,부산광역시 동래구 온천천남로 185,,기타
6260258,도도건축,부산시 부산진구 신천대로 122 3312호,,기타
6260266,명민종합건설(주),"부산 해운대구 양운로 80번길 22, 6층(좌동, 오아에치프라자)",,기타
6260273,동국토목설계사무소,김해시 분성로 396번길 63(부원동),경상남도 김해시 부원동 629-1,기타
6260275,영진건설감정기술사사무소,부산광역시 금정구 동현로16번길 85(부곡동),2층,기타
6260276,신세계건설(주),서울 중구 장충단로 180,,기타
6260282,대양산업개발,부산 강서구 대저2동,,기타
6260291,메가건축사무소,부산시 진구 서면문화로27,부산진구 부전동 474-80 유원골든타워오피스텔 1105호,기타
6260303,태웅이엔지,부산광역시 강서구 대저1동,,기타
6260304,(주)영동건설,"인천광역시 부평구 부흥로 329 (405,406호)",,기타
6260309,동해수산1,부산광역시 강서구 신호산단1로72번길 7,102호,기타
6260310,이신씨엔이(주),경기 고양 일산동구 위시티2로11번길 6-25,순환빌딩4층,기타
6260320,(주)태양티지이,부산 수영구 감포로8번길 7(민락동) 2층,,기타
6260321,㈜지오넷,부산광역시 수영구 남천동,,기타
6260324,한국지반연구소,부산광역시 북구 덕천로234번길 24(만덕동),상가동 204호,개인
6260332,(주)한울정보통신,경남 양산시 동면 석금산로 135,양산시 동면 석산리 876-6,기타
6260335,태림이앤씨종합건설,부산광역시 부산진구 연지동,4층,기타
6260347,부산광역시 수영구청,부산광역시 수영구 남천동로 100,,기타
6260348,동삼2구역주택재개발정비사업조합,부산광역시 영도구 동삼동 363-14,,기타
6260165,(주)유종건설,"부산광역시 금정구 금단로 136(남산동, 삼성아파트)",,기타
6260168,성원산전(주),기장읍 청강로 85번길,,기타
6260183,(주)승원종합건설,경상남도 양산시 덕계로 139 (평산동),302호,기타
6260184,한국전력공사 영도지사,부산 영도구 남항남로9번길 61,한국전력공사 영도지사 (남항동2가),전기
6260196,주식회사 정림디앤씨,부산광역시 부산진구 전포동 693-2,몽뜨레 204호,기타
6260262,서원건설(주),전남 순천시 연향동,,기타
6260220,양산정보통신(주),경남 양산시 물금읍 범어리,2층 204호(국보프라자),기타
6260225,조양건설(주),부산 북구 효열로 275번길 41(금곡동),,기타
6260249,(주)세진이엔시,경남 창원시 의창구 북면,"감계로 304, 605호",기타
6260268,아일랜드 건축사사무소,부산광역시 강서구 명지동 3025-7,,도로
6260270,(주)케이탑종합건설,부산광역시 연제구 여고로 84-1,,기타
6260277,(주)제이큐브데이터,부산시 사상구 모라로 22 부산벤처타워 603호,,통신
6260278,(주)신보,서울 마포구 신공덕동 146-59번지,신보빌딩 8층,기타
6260283,동아건설산업,부산시 중구 중앙동 4가,,기타
6260284,(주)경원개발,부산광역시 강서구 대저로 278,,기타
6260285,하나건설,강서구 대저로 275-2(대저1동),,기타
6260287,건창이엔지주식회사,부산광역시 기장군 장안읍 길천길,진주오피스텔,기타
6260290,(주)썬종합건설,부산광역시 수영구 수영로754,상가동 307호,기타
6260292,초성종합건설(주),서울시 마포구 월드컵북로 99,,기타
6260300,우성이엔지종합건축사사무소,부산광역시 강서구 대저1동,,기타
6260305,(주)동주이엔씨,강서구 대저2동,,기타
6260337,주식회사 동경전기,부산광역시 부산진구 성지로8번길 43(연지동),,기타
6260338,거원철거,경상남도 김해시 구지로 동상동,,기타
6260339,(주)지봉,부산광역시 강서구 명지동,,기타
6260346,목성건설,부산광역시 금정구 무학송로 50,부곡동 2층 1호,기타
6260349,성호건설,부산광역시 영도구 와치로 266,벽산비치타운 107호,기타
6260354,(주)조영종합건설,"부산진구 성지로62번길10,상가동301호(연지동청구아파트)",,기타
6260355,(주)베가통신,부산광역시 강서구 대저1동 1173번지,,기타
6260356,(주)경하이엔지,부산시 동래구 쇠미로81번길 33,상가동 103호,기타
6260365,(주)동일컨설탄트,서울시 서초구 논현로83,삼호물산빌딩 305호,기타
6260367,(주)부림디엔씨,양운로,,기타
6260376,동부건설(주),거제대로,,기타
6260380,유성이앤씨,부산 금정구 노포사송로,,기타
6260382,부산환경공단 서부시설사업단,부산광역시 사하구 을숙도대로 466,부산환경공단 서부시설사업소,기타
6260393,세원종합건설(주),광주 광산구 왕버들로 287(신창동),,기타
6260390,해성주택,금정구 부곡로 18번안길 22,,기타
6260396,(주)우림테크,부산시 해운대구 반송로911번길 19,"지하101호(반송동, 건창파크빌라)",기타
6260166,푸른부산환경 주식회사,서울 종로구 신문로1가,금호아시아나본관 16층,기타
6260173,(주)세한이엔씨,서울시 마포구 합정동,301호,기타
6260188,(주)삼보건영,부산광역시 수영구 광안동,롯데골드로즈101동202호,기타
6260189,(주)진성디이,부산광역시 금정구 금단로175번길 10,,기타
6260192,월드물산(주),"수영로 754, 상가동 302",,기타
6260195,(주)삼영기술,부산광역시 부산진구 전포동,현대타워오피스텔 3층,기타
6260202,광흥건설(주),부산시 금정구 중앙대로 1988 2층,,기타
6260211,부산환경공단정관사업소,부산시 기장군정관읍 산단로 632-12번길,,하수
6260235,(주)사오건설,부산광역시 사하구 오작로 104,상가동102호,기타
6260240,서유건설(주),부산시 기장군 장안읍 길천1길 28-5(1층),,기타
6260245,주식회사 엠엘산업,부산광역 강서구 가락대로 1399-12,,기타
6260246,중앙하이텔(주),부산광여시 사상구 주례동,,통신
6260247,아토건설(주),"부산시 기장군 기장읍 대청로 40, 2층",,기타
6260264,현대광안판매대리점,부산 수영구 광남로 97-1(광안동),,기타
6260265,(주)석포종합건설,부산 사상구 동주로23-1,,기타
6260279,수성종합건설(주),경상남도 양산시 금오12길 85 1층,,기타
6260280,(주)제일공사,부산시 금정구 구서동,금정빌딩 3층,기타
6260286,명진아이티에스,부산 연제구 월드컵대로 73번길 61,,기타
6260289,(주)리더스전기,부산시 부산진구 가야대로 691번길 37(당감동),,기타
6260308,(주)서건엔텍21,부산광역시 금정구 청룡동,,기타
6260316,한국공항공사 부산지역본부,부산광역시 강서구 대저2동,,기타
6260327,나우건설(주),경상남도 남해군 산동면 동부대로 1235,,기타
6260329,(주)신태양건설,"부산광역시 연제구 법원로 20, 1001호",연산동 1598-10,기타
6260331,우암건설(주),서울시 종로구 새문안로3길 30,대우빌딩 14층,기타
6260333,라이프조경(주),부산광역시 해운대구 송정중앙로 39번길 11,송정동 203-16 현은비치오피스텔,기타
6260336,(주)일도공영,부산광역시 재송1로27,,기타
6260344,(주)대진기업사,경남 김해시 칠산로 451번길 12-6,흥동,기타
6260345,제이제이건설,부산광역시 금정구 남산동,302호,기타
6260368,(주)효산개발,"부산시 남구 황령대로 74번길 72, 2층",,기타
6260370,(주)수인이엔지,경남 김해시 칠산로 413번길 35,,상수
6260375,(주)선일이엔씨,부산 해운대구 센텀중앙로,"우동, 에이스하이테크21",기타
6260384,(주)경보,경상남도 김해시 내동 1127-2 파크프라자 8층,,기타
6260385,(주)주일건설,"부산광역시 금정구 중앙대로 1959번길 24,2층",,기타
6260397,현테코(주),강서구 낙동북로 125번길 116,,기타
6260398,(주)유원종합개발,부산광역시 동래구 연안로 59번길 35,,기타
6260159,(주)동원개발,부산시 수영구 수영로,센텀비스타 동원 1차 동원 B/D,기타
6260160,무림건설(주),부산광역시 동래구 온천동,,기타
6260170,(주)영진환경,부산시 금정구 부곡3동,-23,기타
6260172,(주)삼한종합건설,부산광역시 남구 자성로,,기타
6260176,(주)보성건설,부산광역시 부산진구 개금동,"-2,[개금본동로23번길 70(1층, 개금동)]",기타
6260181,(주)대군종합건설,부산광역시 사상구 강변대로 570,"엄궁동, 부산건재집배송단지 H-9호",기타
6260193,세종텔레콤 주식회사,서울 강동구 상일로 10길 36,,통신
6260199,혜도종합토건(주),부산광역시 부산진구 중앙대로,"부전동, 11층",기타
6260201,(주)광흥건설,부산시 금정구 중앙대로 1988 2층,,기타
6260210,대영이엔씨,수영구 망미번영로 38번길 3,,기타
6260218,경동건설(주),연산동 1985-12,,기타
6260226,우호건설(주),부산시 해운대구 수영강변대로(우동),센텀마리나파크,기타
6260232,부산광역시 푸른도시가꾸기 사업소,부산연제구 연산5동,,기타
6260257,홍문종합건설,오금로36길 15,2층,기타
6260259,대원종합건설(주),부산 남구 문현동,,기타
6260267,거제1구역 주택재개발정비사업조합,"부산광역시 연제구 법원북로 86,702호(거제동)",거제동 만해빌딩,기타
6260269,종합광고 태양,동래구 쇠미로214번길 12,,기타
6260296,전포동337-9 근생신축공사,부산시 북구 금곡대로 175,"화명동, 화명2차동원로얄듀크비스타",기타
6260299,(주)윤창종합건설,부산시 북구 덕천로281번길 24,"4층 (만덕동,삼정빌딩)",기타
6260302,한일건설(주),경상남도 김해 구지로 58,한일빙딩 501호,기타
6260313,(주)한성아이넷,경상남도 양산시 동면 금오13길 4,네오스퀘어 6층 한성아이넷,기타
6260314,주도건설(주),부산시 사하구 대티로1번길 22,,기타
6260353,한신공영(주),경기도 용인시 처인구 백암면 백암리 15-1,,기타
6260362,김용원,부산시 사상구 백양대로 506번길,,기타
6260363,에이티건설(주),부산광역시 사상구 새벽로,동훈빌딩 3층(괘법동),기타
6260364,주식회사 동진종합건설,경상남도 김해시 인제로 142,4층,기타
6260369,석찬종합건설(주),부산광역시 강서구 가달2로 60 3동 2층(생곡동),,기타
6260381,(주)태건종합건설,부산시 동래구 아시아드대로171번길8,3층,기타
6260383,대현,부산진구 동천로 132번길 22-6,,기타
6260389,(주)한국지오텍,서울특별시 송파구 법원로 128,문정SK 메트로시티 C동 1501~1509호,기타
6260394,현텍코(주),부산시 강서구 낙동북로 125번길 116(강동동),,기타
6260395,재광건설(주),부산시 장안읍 길천길 73,진주오피스텔 2층,기타
6260399,수근종합건설(주),부산 서구 보수대로,봄여름가을겨울 상가 203-A,하수
6260401,(주)휴먼앤어스,서울특별시 송파구 법원로9길,"C동 1406호(문정동,에이치비지니스파크)",기타
6260402,(주)시아이디건설,부산광역시 해운대구 해운대로 774번길 30,,기타
6260411,천우종합토건(주),부산 사상구 새벽로,,하수
6260431,(주)청풍개발,강서구 대저동서로 246,,기타
6260433,(주)오상전력,부산시 부산진구 전포대로 162(전포동),한웅인터빌 203호,기타
6260448,㈜해민건설,"부산북구만덕대로66번길19,2층(덕천동)",,기타
6260461,세인건축사사무소,중앙대로 1793번길 38 201호,,기타
6260462,중아건설주식회사,부산광역시 금정구,,기타
6260473,성일통신(주),부산광역시 동래구 명장동 140-4,,전기
6260492,삼성토건(주),경상남도 김해시 삼계동 1478-3,신월빌딩 6층,기타
6260494,주식회사 세진씨엔씨,부산광역시 해운대구 반여동 912,,기타
6260496,(주)세움종합건설,부산광역시 연제구 연산동 859-12,86715,기타
6260502,부산환경공단(추가),동래구 안락동,,기타
6260511,(주)이화기술단,부산광역시 해운대구 재송동 1216 벽산이센텀클래스원,918~920호,개인
6260513,부산광역시 도로계획과,부산광역시 연제구 연산동 1000,,도로
6260515,대상종합건설(주),법원로,,기타
6260516,동강종합건설(주),경상남도 창원시 진해구 화천동 11-1,203호,기타
6260550,(주)지오매니아테크,서울 서초구 양재동,,기타
6260555,(주)보라엔지니어링,서울특별시 송파구 법원로11길 25 H비지니스파크,B동 1206호,기타
6260560,(주)현창전기,부산광역시 연제구 연산동 983-9 현대아파트,"1층, 102호",전기
6260565,태양광(주),부산광역시 기장군 장안읍 길천길 73,,기타
6260566,금강종합설비,부산광역시 부산진구 부암3동 388-4번지,,기타
6260572,대신종합전기(주),경남 김해시 전하로 176번길 31-1,,전기
6260574,동환종합건설(주),부산광역시 동래구 온천동 170-3 온천 메디 플러스,601호,기타
6260580,한국토지주택공사 부산울산지역본부,부산광역시 동구 초량동 1199-1,1층,기타
6260581,유환종합건설(주),부산광역시 금정구 구서동 161-20,,개인
6260586,계림종합건설(주),경상남도 김해시 전하동,,기타
6260595,금호산업(주),일광면 삼성리 853,,기타
6260596,(주)엔케이텍,경기도 오산시 원동 541-3 엔케이텍(주),,기타
6260598,주식회사아키프로 건축사사무소,경상남도 창녕군 창녕읍 교리 1030-13,,기타
6260600,KT부산국제센터,부산광역시 해운대구 송정동 433-1,KT부산국제센터,통신
6260607,(주)대보종합건설,부산광역시 연제구 연산동 1310-20,토목회관 2층,기타
6260610,화명2구역 주택재개발정비사업조합,부산광역시 북구 화명동 194,3층,기타
6260612,(주)호수건설,부산광역시 사하구 장림동 1121-1,302호,도로
6260618,부일종합건설(주),경남 김해시 삼계중앙로57,,기타
6260620,주식회사 삼호종합건설,경북 경산시 원효로88,,기타
6260624,성일기계,부산광역시 강서구 송정동 1735-13,,기타
6260626,(주)젤텍,부산광역시 강서구 송정동 1527-4,,기타
6260414,주식회사 대한건설,경상남도 창원시 성산구 상남동,케이티창원사옥 4층,기타
6260416,상지지오텍,부산시 해운대구 양운로42번길11,더퍼스트 1603호,기타
6260426,(주)호준종합건설,대구광역시 달서구 용산로4길 21,2층(본리동),기타
6260430,유원이엔씨(주),부산시 사하구 승학로 45-1(당리동),유원빌딩 3층,기타
6260457,(주)루원종합건설,해운대구 달맞이길 117번라길 107,,기타
6260460,코리아이엔티(주),부산광역시 수영구 광남로,3층,기타
6260474,(주)고려기초연구소,경기도 화성시 팔탈면 신양2길 65,경기도 화성시 팔탈면 가재리(지번),기타
6260493,원영종합건설(주),부산광역시 남구 대연동 327-5 제일은행,"대연동, 3층",기타
6260497,주식회사우진종합건설,냉천로,"4층 403호(자은동, 에이스빌딩)",기타
6260509,(주)유정환경,경상남도 창원시 의창구 명서동 199-8 장복빌딩,"804호(명서동,장복빌딩)",하수
6260524,(주)삼진건설,부산시 연제구 연산동,,전기
6260529,(주)부원지에프씨,부산광역시 해운대구 우동 1102-221 센텀현대아파트,405호,기타
6260546,로드플랜,부산광역시 해운대구 좌동 1302 동신아파트,동신아파트 107동 1606호,기타
6260547,진경종합건설주식회사,부산광역시 부산진구 개금동 196 석천오피스텔,709호,기타
6260557,(주)KT연산지점,경기도 성남시 분당구 불정로 90(정자동),,통신
6260558,범양건영(주),충청남도 천안시 서북구 불당동 712 포인트프라자빌딩,불당동 포인트프라자4층),기타
6260562,주원산업개발주식회사,경상남도 양산시 신기동 398-6 한진도장공사,2층,기타
6260563,(주)정상건설,울산광역시 울주군 상북면 소호로164 1층,,기타
6260564,(주)우성종합건설,부산광역시 금정구 회동동 556 첨단산단 우성스마트시티,2층,도로
6260578,제이티건설,부산광역시 동구 좌천동 630 그린아일,,기타
6260579,삼원포장건설,부산광역시 동구 초량동 41-5,303호,기타
6260606,토영종합건설(주),경상남도 진주시 주약동 206-3,부산광역시 남구 우암로 241,기타
6260608,(주)홍림종합건설,부산시 해운대구 반송로911번길19.B1(반송동),부산시 수영구 수영동 475-16번지 리버센텀빌 101호,도로
6260621,(주)대인정보통신,서울특별시 동작구 상도1동 638-1,,통신
6260627,수안종합건설(주),부산광역시 동구 범일동 830-196,,기타
6260628,(주)하나기술단,부산광역시 해운대구 재송동 1216 벽산이센텀클래스원,"15층 1507,1508호",도로
6260631,㈜센티움종합건설,부산시 북구 학사로140화명동 덕진쌍뜨레뷰앙코르 408,,기타
6260632,(주)명인,부산광역시 강서구 평성길,1층(명지동),기타
6260634,대방건설(주),경기도 고양시 일산동구 백석동 1294-1,아이프라자 5층,도로
6260635,(주)대승종합건설,경상남도 창원시 진해구 용원동 1343-2 마린타워,405호,개인
6260638,(주)형강이엔지,부산광역시 동래구 안락동 444-9,,기타
6260651,한림하우징,부산광역시 남구 용당동 574-1,,기타
6260659,(주)미주지질,부산광역시 동구 초량동 49-5 부산보훈복지회관,부산보훈목지회관 3층,기타
6260412,부경프라임건설,부산 해운대구 센텀중앙로 60,우동 퍼스트인센텀 3층 204호-2,기타
6260418,주식회사 수훈종합건설,"부산시 동래구 반송로 181,5층","낙민동, 에스뻬랑스빌딩 5층",하수
6260420,(주)우리들조경,경기도 안양시 관양동,오비즈타워 1006호,기타
6260439,에스엠종합건설(주),부산광역시 수영구 수영로 668(광안동),,기타
6260441,(주)세일엔지니어링,부산시 동래구 동래로 84,,기타
6260446,(주)희창전력,부산광역시 연제구 거제시장로,,기타
6260449,서우종합건설(주),"부산시 기장군 정관읍 모전1길 20-26, 6층",,하수
6260452,해창종합건설,부산광역시 부산진구 가야대로,,기타
6260458,(주)대성건설,부산 강서구 대저로,,기타
6260463,마조아종합건설(주),부산광역시 동구 구봉로49번길 22,,개인
6260465,새벽건설(주),부산시 연제구 연산동,405-21번지 3층,가스
6260467,(주)동우토건,김해시대청로210번길,,기타
6260477,(주)우림이엔씨,경상남도 김해시 흥동 65-11,6-17,전기
6260484,에세이,부산광역시 동래구 안락동 아폴로그린빌라,B동 201호,전기
6260487,한국전력공사 부산울산본부,부산광역시 부산진구 부전2동,부산광역시 부산진구 중앙대로 666번길 43,전기
6260498,해금종합건설(주),부산 금정구 구서동,,하수
6260504,(주)포레건설,부산광역시 동래구 온천동 1711-1,온천동 1711-1,도로
6260507,셀파이엔씨(주),서울특별시 송파구 석촌동 156 정현리치빌,정현리치빌 3층,기타
6260517,(주)세일종합건설,부산광역시 서구 서대신동3가 61-51,캐빈하우스 103호,도로
6260527,(주)거성토건ENC,부산광역시 동래구 안락동 547-3,3층,하수
6260531,주식회사 세기이엔씨,부산시 강서구 대저2동,,전기
6260534,현수토탈엔지니어링,부산광역시 금정구 남산동,,전기
6260577,(주)로드건설,부산광역시 해운대구 좌동,"328호 (좌동, 경동지플러스)",기타
6260590,재진엔지니어링,경남 김해시 부원동,3층,기타
6260593,창원시 진해구청 안전건설과,경상남도 창원시 진해구 풍호동 1 진해구청,,기타
6260601,세계식품(주),부산광역시 영도구 동삼동 201-21 세계식품(주),,개인
6260603,(주)양지엔지니어링,부산광역시 수영구 민락동 28-11,,기타
6260611,삼광전기(주),경상남도 창원시 성산구 신촌동 129-1,사무동 201호,전기
6260640,(주)더존건설,부산광역시 해운대구 재송동 1208-2 센텀스카이비즈,A동 3111호,도로
6260646,주식회사 삼간,부산광역시 수영구 남천동 29-19 목원빌딩,4층(목원빌딩),하수
6260654,태조종합건설(주),강서구 명지국 제2로 28번길,,기타
6260661,종로전기(주),부산남구못골번영로,,기타
6260662,(주)연합전설,부산남구못골번영로,,기타
6260419,지오사이언스,부산광역시 해운대구 재송동 1208-2 센텀스카이비즈,2905호,기타
6260423,(주)고산건설,부산시 연제구 거제천로 255번가길 52,,기타
6260428,㈜풍원기공,부산시 북구 효열로 219번길 31(금곡동),,기타
6260429,(주)지오로직스,인천광역시 부평구 주부토로66,4층 402호,기타
6260432,(주)삼정,쇠미로222-13,,도로
6260434,(주)팔정종합건설,경기도 고양시 덕양구 화신로272번길 48,706호,기타
6260440,주)세일 엔지니어링,부산광역시 수영구 수영로 지하 482,,기타
6260454,대운종합건설(주),부산시해운대구 해운대로,,기타
6260464,(주)동신설비,부산 금정구 청룡로 65,,기타
6260469,(주)유건종합건설,부산광역시 동래구 명륜동 4-7,3층,기타
6260490,(주)쏘일테크엔지니어링,경기도 안양시 동안구 학의로 268,메가밸리 107호,기타
6260481,주식회사 서안이엔씨,부산 동래구 시실로,,기타
6260500,(주)성지,부산시 기장군 일광면 이천8길 100,,기타
6260506,(주)홍원전력,대구광역시 남구 대명동 2014-173,대구광역시 남구 대명동 2014-173,기타
6260519,(주)신도씨엔에이,서울특별시 마포구 신수동 49-7,3층,기타
6260522,보성종합건설(주),부산광역시 해운대구 좌동 1420 한국통신,부산해운대구좌동순환로217번길24,도로
6260536,정우건설(주),경상남도 창원시 의창구 용호동 4-1 경상남도지방행정동우회,,기타
6260537,(주)제이와이전기,부산광역시 동래구 온천동 1467-4,1층 (온천동),전기
6260543,(주)대진이엔지,부산 사상구 모라로 22 503호,,도로
6260548,김정대,부산광역시 기장군 장안읍 오리 개천2길,,개인
6260554,온천3구역 주택재개발정비사업조합,부산광역시 동래구 온천동 1245-1,2층(온천동),기타
6260556,(주)서은엔지니어링,경기도 수원시 팔달구 경수대로 616번길,2층 201호,기타
6260585,영일엔지니어링,부산 부산진구 양정동 365-17,,기타
6260588,비에스건설(주),경상남도 양산시 남부동 465-14,,기타
6260594,신영건설(주),경기도 성남시 분당구 탄천상로 164,구미동 시그마2 오피스텔,개인
6260609,예린종합건설(주),부산광역시 해운대구 우동 1454 벽산이센텀클래스원2차,507호,기타
6260613,금성건설(주),"부산 기장군 일광면 장곡길7,1층",,기타
6260617,(주)경진씨엔씨,부산광역시 기장군 기장읍 청강로57번길 19,,기타
6260630,마리앤데코,대구광역시 수성구 범어동 225-12,범어동225-12,기타
6260642,주)항도전기관리,부산광역시 북구 구포동 1243-9 백양아파트,백양아파트상가 2층,전기
6260643,(주)시행건설,부산광역시 수영구 광안동 526-1 광원아파트,광원아파트 관리동4층,기타
6260647,(주)유안,부산광역시 남구 대연동 733 유안빌딩,3층 (주)유안,기타
6260656,(주)갑원정보통신,부산광역시 강서구 대저2동 962,32,통신
6260445,주식회사 동은테크,강서구 송정동,,기타
6260541,프라임건설(주),경상남도 김해시 관동동 422-6,미래빌딩,기타
6260466,야베스건설(주),"부산시연제구과정로74, 305호",,기타
6260468,(주)신우엔지니어링,경기도 안양시 동안구 관악대로 456(관양동),서건빌딩 4층,기타
6260471,(주)원우종합건설,부산광역시 수영구 민락동 146-9 마로인빌딩,마로인빌딩 2층,기타
6260472,주식회사 타임종합건설,부산광역시 사하구 낙동대로 412,"4층(당리동,동남빌딩)",기타
6260482,(주)호방종합건설,부산광역시 사상구 덕포동 43-7,명성빌딩 403호,기타
6260489,명진디앤씨,부산광역시 해운대구 재송동 1023 센텀삼익아파트,상가동 2층 201호,기타
6260523,㈜케이씨씨건설,"서울시 서초구 강남대로 587(잠원동, KCC건설)",,기타
6260542,(주)삼정시스템,부산시 동구 중앙대로 320번길 7-8,대양빌딩 202호,전기
6260559,성지기업,"부산광역시 사상구 낙동대로 1422 , 삼락동 342-22",,기타
6260568,(주)디에스 솔루션,"부산시 강서구 유통단지1로 41, 111동 220",,기타
6260569,장원종합건설(주),제주시 동광로3길 3,,기타
6260570,성우종합건설(주),경남 김해시 한림면 용덕로236번길 27,,기타
6260576,(주)재민종합건설,"부산시 기장군 기장읍 차성서로 83, 602호(파크뷰)",,기타
6260592,(주)엘지헬로비전,서울특별시 마포구 상암동 1595-1 드림타워,드림타워 6층,기타
6260599,양정1가로구역 가로주택정비사업조합,부산진구 양정동,,기타
6260619,주식회사 엠케이건설,부산광역시 해운대구 반송동 1-2,,기타
6260625,한국전력공사 북부산전력지사,부산광역시 북구 화명동 539,한국전력공사 북부산전력지사,전기
6260641,하원엔지니어링,부산광역시 부산진구 양정동 275-8,104,기타
6260649,협성개발(주),부산광역시 동구 범일동 830-42 썬오피스텔,1406호,전기
6260652,(합명)흥일통신공업사,부산광역시 해운대구 좌동 1473-6 경동윈츠타워,"59, 경동윈츠타워",통신
6260657,서정엔지니어링(주),경기도 안양시 동안구 관양동 1307-37 관양 두산 벤처다임,810호,기타
6260658,일성건설(주),인천광역시 남동구 구월동 1451-3 태광프라자,태광프라자 402호,기타
6260660,(주)성광건설,부산광역시 동구 수정동 858-12,1층,상수
6260663,친구조경건설(주),"부산 동래구 충렬대로200번길25 (수안동,한진타운) 207호",,기타
6260665,(주)KT,부산시 해운대구 송정광어골로 42KT송정타워7층,송정동435-2,통신
6260666,아트전업사,경상남도 양산시 중부동 661-12 부부헤어클럽,아트전업사,전기
6260669,(주)블루캐슬,부산광역시 부산진구 개금동 540-236,더블루 102호,기타
6260670,㈜나누리정보시스템,부산광역시 사하구 장평로453(괴정동),550-19번지,기타
6260671,(주)송우종합건설,부산광역시 사하구 당리동 337-41,2층,기타
6260672,선진건설,경상남도 창원시 진해구 자은동 99-4,,도로
6260673,주식회사 디에이치티에스,인천광역시 부평구 삼산동 374-10,,도로
6260674,(주)토페스,남양주시 화도읍 녹촌로,토페스,기타
6260415,부산광역시 교통서비스센터,부산광역시 연제구 고분로 221,,기타
6260417,창조종합건설 주식회사,"경상남도 밀양시 밀양대로 1748, 2층",,기타
6260427,(주)디알종합건설,부산광역시 부산진구 황령대로30번길 68(범천동),대동레미안센트럴시티,기타
6260436,건국이엔씨(주),부산 금정구 금샘로 571,,도로
6260438,한주이엔씨 주식회사,부산광역시 금정구 금단로 138(남산동),삼성아파트 상가 301,기타
6260443,(주)이상건축상사,부산광역시 강서구 봉림동,,기타
6260447,(주)와이즈박스,부산 연제구 거제대로 108번길 23,,통신
6260456,(주)대양산업건설,부산시 중구 해관로,"중앙동4가, 은산빌딩",도로
6260476,성창종합건설(주),"부산광역시 금정구 중앙대로 2065(남산동, 청룡빌딩3층)",,기타
6260483,거한건설(주),대구광역시 북구 산격동,소프트벤처타워 402호,기타
6260491,한토종합건설(주),부산광역시 강서구 명지동 3602-1,7층 707호,기타
6260499,대림산업(주),서울특별시 종로구 수송동 146-12 대림빌딩,(수송동),기타
6260510,주식회사 삼강,부산광역시 서구 남부민동 42-4,42-4,하수
6260514,주식회사 한신건설,"부산광역시 서구 흑교로105번길23, 605호(부용동1가, 아이파크)",,기타
6260520,금호기술(주),부산광역시 부곡2동,,도로
6260528,주식회사금평산업개발,부산광역시 금정구 청룡동 633-21 아쿠아빌딩,3층,기타
6260532,세린종합건설(주),부산광역시 남구 우암로 375,,기타
6260538,쿨스종합건설(주),강서구 녹산산단232로 16,,기타
6260540,강림토건(주),부산광역시 해운대구 우동 196-4 방장치킨,3층,기타
6260552,광안1구역주택재건축정비사업조합,부산광역시 수영구 광안동 337-7 센터럴타워,에스와이센트럴타워601호,기타
6260553,경민설비건설,부산광역시 강서구 대저1동 2320-9,181-12번지,기타
6260561,(주)정명건설,"부산광역시 금정구 중앙대로 1942,1101호",,기타
6260582,(주)기림지오테크,경기도 하남시 덕풍동 762 아이테코,블루존 702호,기타
6260587,(주)관보종합기술단,부산시 연제구 거제대로 270 종근당빌딩 705호,,기타
6260589,(주)힐탑건설,부산시 남구 분포로 115 비동 1101호,,기타
6260597,(주)성서건설,서울특별시 강남구 수서동 725 수서타워,1307호,도로
6260604,HDC현대산업개발 주식회사,부산진구 전포동,,기타
6260605,(주)거암디엔씨,"부산 남구 문현로43-7,1층",,상수
6260614,(주)홍성건설,경상북도 포항시 북구 송라면 방석리 491-2,,기타
6260616,부연종합건설(주),부산광역시 해운대구 재송동 1084-7,2층,도로
6260644,동도건설(주),부산광역시 기장군 기장읍 청강리 18-2 기장현대아파트,A상가501호,기타
6260645,흥국건설(주),부산광역시 연제구 연산동 588-8,,기타
6260648,케이이알,경기도 안양시 동안구 관양동 799 메가밸리,,도로
6260655,(주)현대전기,부산광역시 강서구 강동동 83-27,강동동,전기
6260409,(주)가넷정보기술,부산시 수영구 망미번영로38번길 100,108동 201호,통신
6260435,(주)오천종합건설,부상시 강서구 명지국제8로 245 201호,,기타
6260437,나은건설(주),부산광역시 사하구 사하로 84,감천동 803-3번지,기타
6260444,주식회사 지에스티에이,평택시 송탄고가길 100(독곡동),2층,기타
6260453,재단법인 부산문화회관,부산광역시 남구 유엔평화로 76번길 1,부산시 남구 대연동,기타
6260455,대준종합건설(주),부산시해운대로 해운대로,,기타
6260459,(주)씨제이헬로,부산진구 46번길,,기타
6260470,반도산전(주),부산광역시 해운대구 우동 1462 센텀그린타워,,전기
6260478,㈜조광건설,부산광역시 영도구 동삼동 429-10,,기타
6260480,(주)한국종합건설,부산시 사상구 새벽시장로,,기타
6260495,(주)하나로정보통신,부산광역시 사상구 모라동 159,,통신
6260512,(주)포스코건설,경상북도 포항시 남구 대송로 180(괴동동),,기타
6260518,(주)경도종합건설,부산광역시 강서구 명지동 3602-2,11층 1101호,기타
6260533,주식회사 형덕,부산광역시 강서구 지사동 1176-6,,기타
6260535,이레건축사사무소,경상남도 양산시 동면 석산리 1455-14,4층,기타
6260549,(주)거원엔지니어링,부산광역시 수영구 광안동,,기타
6260567,주식회사 태양광,부산광역시 기장군 장안읍 길천길 73,,기타
6260573,제니스종합건설(주),부산광역시 동래구 명륜동 450-18,4층,하수
6260575,(주)도진엔지니어링,서울특별시 금천구 가산동 345-30 남성프라자,"10층, 1002호",기타
6260591,지평건설(주),부산광역시 강서구 대저1동 2379-7,,도로
6260602,(주)금호전력,부산시 수영구 수미로,,기타
6260629,㈜수훈종합건설,부산광역시 동래구 낙민동 13-6 에스뻬랑스빌딩,에스뻬랑스빌딩 5층,기타
6260637,엔아이건설(주),부산광역시 연제구 연산동 1127-11 조강빌딩,연산동,도로
6260650,흥농화훼총판,부산광역시 금정구 구서동 1049 롯데캐슬골드2단지,601-304,기타
6260653,유석토건(주),경기도 용인시 기흥구 보라동 574-1,애니타워503호,기타
6260664,에스케이텔레콤(주),서울특별시 중구 을지로2가 11 SK텔레콤빌딩,,통신
6260667,㈜상운이앤씨,부산광역시 동래구 수안동 4-17,2층,기타
6260668,능전조경건설(주),부산광역시 사상구 주례동 166-17 능전조경,주례동,개인
6260675,현대전기,강원도 양양군 양양읍 연창리 157-1,36-1,전기
6260676,기해건설(주),부산광역시 강서구 생곡동 1627-4,생곡동 1628-6,기타
6260677,부산경남우유협동조합,부산광역시 남구 문현동 954-1,,기타
6260678,(주)동남기술단,부산광역시 수영구 연수로,,전기
6260679,금강건설주식회사,대구광역시 동구 신천동,107-201,기타
6260680,(주)금샘종합건설,부산광역시 연제구 거제동 121-5 에이스제이엠빌딩,4층,기타
6260681,한국지하수지열협회,서울특별시 강남구 수서동 714-4 문암빌딩,문암빌딩 3층,기타
6260410,장한건설(주),부산 서구 대영로 6번길 6,,기타
6260413,(주)일신이앤씨,"부산시 해운대구 센텀중앙로 97, A동 4104호",,기타
6260421,대호건축설비,부산광역시 서구 아이동 2가 89-3,,기타
6260422,성도종합건설(주),부산시 동래구 아시아드대로,,기타
6260424,동원건설산업(주),경남 창원시 성산구 중앙대로42(상남동),동양생명2층,기타
6260425,세일기술(주),부산시 해운대구 센텀중앙로 48,에이스하이테크21 11층,기타
6260442,주식회사 영인종합건설,부산광역시 연제구 중앙대로 1054번길,,기타
6260451,주식회사 다훈,"부산시 연제구 신금로25, 217호",,기타
6260475,세현지반기술(주),부산광역시 해운대구 반여동 559 반여농산물도매시장,상가동 230-B,기타
6260479,위드제이산업(주),양산로17길6,,기타
6260485,청정부산환경(주),서울특별시 종로구 공평동 5-1,a동 27층,기타
6260486,㈜국제기산,부산광역시 사하구 다산로176번길 58(장림동),,기타
6260488,(주)거원지오텍,경기도 광명시 소하동 1365 에이스 광명타워,A동 1104,기타
6260501,다윤월드,명천로 196,,전기
6260503,대진환경건설,일광면 동백리 78번지,,기타
6260505,부산진경찰서,부산광역시 부산진구 부전1동 408-4,,기타
6260508,(주)신한전기,부산광역시 강서구 체육공원로52번길 74-2,,기타
6260521,(주)강남텔레콤,경남 김해시 생림면 안양로46번길 7-7,,통신
6260525,(주)삼진전설,연제구 연산동,,전기
6260526,(주)브이씨엠,부산광역시 해운대구 좌동 1475-2,218호 좌동 투모로우,기타
6260530,주식회사 세기이앤씨,부산시 강서구 대저2동,,전기
6260539,한다종합건설 주식회사,"부산광역시 사상구 대동로 24-1, 3층",,기타
6260544,(주)태진종합건설,부산광역시 금정구 장전동 601-9 금정산 태진팰리스,비동 601호,기타
6260545,하람건설,경상남도 김해시 불암동 229-25,1층,기타
6260551,㈜펜코산업개발,"부산 수영구 무학로 46,402호(광안동)",,기타
6260571,대명토건(주),"부산광역시 금정구 수림로, 상가3층",,기타
6260583,(주)현승토건,부산광역시 기장군 기장읍 교리 351-16,,하수
6260584,(주) 유정환경,창원시 의창구 창이대로 113번길 6 804호,,상수
6260615,(주)걍진씨엔씨,부산광역시 기장군 기장읍 청강로57번길 19,,기타
6260622,제현건설(주),경상남도 김해시 동상동 1100-3,402호,기타
6260623,(주)우성통신,부산시 수영구 수영로 687 4층,,통신
6260633,덕명종합건설(주),부산광역시 부산진구 부전동 508-5,덕명인스타리움 101,기타
6260636,(주)한성이엔씨,부산광역시 수영구 광안동 1066-8,한성이엔씨,전기
6260639,(주)남일,부산광역시 사상구 감전동 315 (주)남일,,전기
6260717,한토건설 주식회사,부산광역시 강서구 대저2동 3153-1,123동 2층 206호,기타
6260726,(주)더청연,부산광역시 금정구 구서동 415-3 시티타워,지하1층 102호,기타
6260743,(주)테라이지,서울특별시 강서구 가양동 449-21 한화비즈메트로2차,13층 1302호,기타
6260746,(주)에스씨엘엔지니어링,부산광역시 동구 좌천동 913-101,,기타
6260747,(주)대하종합건설,대구 중구 삼덕동2가 149-138,,기타
6260752,디자인혜움,부산광역시 부산진구 범전동 26-74,,기타
6260754,(주)서한,부산광역시 부산진구 범천동 1131-8,2층,기타
6260781,한성건업,경상남도 김해시 동상동 624-2,,기타
6260784,퍼스트종합건설(주),부산광역시 북구 덕천동 388-12,2층,개인
6260785,㈜ 신우하이텍,부산광역시 부산진구 전포동 194-27,5층,기타
6260787,녹수건설(주),부산시 영도구 상리로,,도로
6260804,(주)태림종합건설,부산광역시 수영구 광안동 159-3 대권네오텔,201호,하수
6260806,도천종합건설(주),경상남도 창원시 의창구 도계동 334-17,2층,기타
6260809,지케이종합건설(주),경상남도 김해시 삼정동 20-10,2층,기타
6260815,한국동서발전(주),울산광역시 중구 성안동 239,한국동서발전(주),기타
6260819,대운건설(주),울산광역시 울주군 범서읍 구영리 130-4,,기타
6260824,(주)미강종합건설,부산광역시 해운대구 중동 1768-5 센트럴메디타워,1401호,도로
6260830,(주)용두건설,부산광역시 금정구 남산동 952-24,남산동 952-24번지,기타
6260834,(주)동아지질,부산광역시 금정구 구서동 1033-2 동아지질(주),,기타
6260839,한국수자원공사,대전광역시 대덕구 연축동 산6-2 한국수자원공사,한국수자원공사,상수
6260859,(주)엠그린종합건설,부산광역시 사상구 주례동 135-2,,기타
6260864,(주)삼우특수개발,부산광역시 해운대구 우동 1436-1 더샵해운대아델리스,103-2901,도로
6260879,㈜청호이엔지,부산광역시 동래구 온천동 1535-36,301호,개인
6260883,(주)로더건설,부산광역시 해운대구 좌동 1317 경동지플러스,,도로
6260887,주식회사 청호토건,부산광역시 해운대구 송정동 129-13,129-13,기타
6260902,유진종합건설,대구광역시 수성구 두산동,,기타
6260905,(주)일오삼산전,부산광역시 수영구 광안동 1075-11,,전기
6260906,부광종합건설(주),부산광역시 수영구 망미동 196-19,편한빌딩 3층,기타
6260907,(주)동양건설산업,경기도 수원시 권선구 권선동 1015 동양덱스빌아파트,,기타
6260908,연제구청,00000000000000000,,기타
6260909,(주)민지건설,경상남도 양산시 삼호동 188-4 광개토,1층,상수
6260910,주식회사 대영이엔씨,부산광역시 수영구 광안동 1025-9,2층(삼정빌딩),기타
6260911,이삭전설(주),서울특별시 동작구 사당동 1141 르메이에르,르메이에르,도로
6260688,(주)매일상사,부산광역시 강서구 대저1동 660,,기타
6260692,(주) 정명건설,부산광역시 금정구 구서동 177-1 우남타워,11층,하수
6260694,씨지이앤씨(주),경기도 용인시 기흥구 영덕동 1029 U-TOWER,1906호,기타
6260700,주식회사 창진디앤씨,"부산광역시 기장군 정관읍 정관로 548, 1606동901호",,기타
6260702,수지테크,서울특별시 금천구 시흥동 984 시흥유통상가,19동 236호,기타
6260704,㈜부원설비,부산광역시 남구 문현동 219-60 진성수퍼,,기타
6260705,건수정보통신(주),경상남도 김해시 풍유동 68-5,,기타
6260727,비즈101건설(주),부산광역시 남구 문현동 125-23 현대메디컬약국,6층,기타
6260729,주식회사 엔텍건설,부산광역시 강서구 대저2동 3153-1,"126동 217,218호",기타
6260731,(주)조경디자인 선,부산광역시 기장군 정관읍 용수리 1297-13,용수리,기타
6260738,부경종합건설(주),부산광역시 기장군 기장읍 대라리 999,3층,개인
6260771,(주)대원이엔씨건설,부산광역시 서구 서대신동2가 278-2 서대신 엔스타,,기타
6260772,서한종합건설(주),부산광역시 해운대구 우동 1434 썬프라자,531,개인
6260790,대연2구역 주택재건축 정비사업조합,부산 남구 진남로 70번길 1,301호,개인
6260793,집터건축사무소,부산광역시 사상구 감전동 157-15 협성빌딩,"401호, 협성빌딩",기타
6260805,(주)하운종합건설,부산광역시 사상구 학장동,,기타
6260810,(주)대강선재,부산광역시 강서구 생곡동 1598-1,,기타
6260823,(주)영일토건,부산광역시 남구 용호동 215-8 자수정삼겹살,3층 302호,도로
6260829,(주)신화종합건설,부산광역시 수영구 광안동 203-6 희원빌딩,신화빌딩 10층,기타
6260831,(주)예원종합건설,경상남도 김해시 동상동 1124-2,동상동 1124-2,기타
6260833,(재)환경기술정책연구원,서울특별시 성북구 안암동5가 1-2 고려대학교안암캠퍼스,산학관 203-2호,도로
6260838,에스아이엘산업(주),부산광역시 동래구 명장동 140-4,,기타
6260844,주식회사 청운종합전기,경기도 시흥시 군자동 537-1 리즈펠리스,황고개로327번길 33,전기
6260847,(주)대호산업,부산광역시 금정구 구서동 159-3,,기타
6260851,주식회사 동우토건,부산광역시 기장군 기장읍 청강리 117-12,1층,하수
6260852,금정건설(주),부산광역시 금정구 장전동 394-6,3층,기타
6260857,교보종합건설(주),부산광역시 동래구 수안동 9-35,2층,기타
6260858,(주)영광종합건설,경상남도 남해군 창선면 가인리 468,468,하수
6260860,(주)삼마토건,대구광역시 수성구 범어동 45-5 킹덤오피스텔,607호(킹덤오피스텔),하수
6260863,(주)유성이엔씨,부산광역시 금정구 청룡동 285-5 부산재활용사촌,,기타
6260868,삼우특수개발,부산광역시 해운대구 우동 1436-1 더샵해운대아델리스,103-2901,도로
6260878,(주)우석신도시,세종특별자치시 나성동 775 세종의아침,863호,도로
6260882,강민건설(주),경상남도 양산시 물금읍 가촌리 1270-5 DN뷰타운,4층 401호,도로
6260682,거제2구역 주택재개발 정비사업조합,부산광역시 연제구 해맞이로81번길,,기타
6260684,주식회사 동방전기,부산 동래구 명륜로 50,2증 수안동,전기
6260693,㈜도시건설,부산시 연제구 여고로 80번지,,기타
6260699,한국전파기지국,부산광역시 동구 초량동 1056-2 한국방송통신전파진흥원 부산본부,408호,통신
6260720,근영건설 주식회사,부산광역시 강서구 대저로 89번 가길 50,"거제동,지하",기타
6260721,미상,부산광역시 강서구 강동동 2921-28,,기타
6260723,주식회사 동양환경,부산광역시 강서구 강동동 857-3,,기타
6260724,(주)금맥,부산광역시 기장군 기장읍 청강리 174-4,0,통신
6260739,스마트레일주식회사,부산광역시 부산진구 당감동 82-2,0,기타
6260740,양득건설(주),부산광역시 북구 구포동 1240-12,,하수
6260745,(주)드림정보기술,부산광역시 사상구 감전동 308,4층,통신
6260750,(주) 다원종합건설,부산광역시 연제구 연산동 1499-31 스타빌딩,5층,기타
6260753,보람종합건설(주),부산광역시 사상구 엄궁동,,기타
6260761,(주)예림디자인,부산광역시 사하구 괴정동 571-8 일동지에닌,일동지에닌아파트상가 2층 213호,기타
6260769,티엘엔지니어링건축사사무소(주),부산광역시 수영구 민락동 15-1,,기타
6260774,(주)다해종합건설,부산광역시 부산진구 부암동 438-9,백양순환로 110번길 35,기타
6260782,디엘이앤씨 주식회사,서울특별시 종로구 통일로 134(평동),,기타
6260800,(주)한진중공업,부산광역시 영도구 봉래동5가 3 한진중공업,한징중공업 조선부문본사,기타
6260801,에스제이산업개발(주),울산광역시 울주군 온산읍 원산리 921-1,,기타
6260816,(주)부산칼빈,부산진구 신천대로 65번길43,,도로
6260817,부림건축디자인,부산광역시 수영구 망미동 417-10,4층,하수
6260828,혁성건설,부산광역시 사상구 괘법동 578 산업용품유통상가,24동 203호,하수
6260836,(주)명도,부산광역시 강서구 대저1동 2379-10,,도로
6260837,(주)이랜드건설,경기도 용인시 기흥구 영덕동 985-1 이씨티,비동 308호,하수
6260840,(주)서비스월드,부산광역시 동구 범일동 830-51,302호,통신
6260846,부산지방해양수산청부산항건설사무소,부산광역시 동구 좌천동 1116-1 부산지방해양수산청,부산지방해양사순창 부산항건설사무소,기타
6260854,예원건설 주식회사,부산광역시 기장군 장안읍 반룡리 427,,기타
6260865,세종앤파트너스7(주),부산광역시 해운대구 우동 760-3 오션타워,"802호,803호",기타
6260867,예광종합건설,부산광역시 남구 대연동 889-5 쌍둥이돼지국밥2,4층,기타
6260881,삼성g2b(주),부산광역시 부산진구 양정동 165-1,"6,7층",도로
6260886,주식회사 재성이엔씨,부산광역시 사하구 하단동 524-4 건아연립주택,지하1층,기타
6260889,(주)그린스페이스,부산광역시 연제구 거제동 917-11 삼도원룸,302호,기타
6260890,가람포장건설(주),부산광역시 해운대구 좌동 1477-1,"2007호(좌동, 더퍼스트)",기타
6260683,우리종합건설,부산광역시 해운대구 재송동 1212 큐비이센텀,1211호,기타
6260687,티엘엔지니어링 건축사사무소(주),부산광역시 수영구 민락동 15-1,티엘아트센터,기타
6260689,(유)매일상사,부산광역시 강서구 대저1동 660,,기타
6260697,(주)명승종합건설,경상남도 김해시 율하동 1333-3,30,기타
6260706,007하수구수도누수탐지설비,부산광역시 동래구 안락동 429-1,,기타
6260707,주식회사 쿨스,부산광역시 강서구 송정동 1713,,기타
6260711,이너스건설,부산광역시 금정구 회동동 23-2 회동동 화물차 공영차고지,113호,기타
6260715,온천2구역주택재개발정비사업조합,부산광역시 동래구 온천동 1406-35,,개인
6260718,엠엘아이티에스,부산시 강서구 평강로345번길,,기타
6260722,(주)연동,부산광역시 동래구 사직동 134-12,3층,기타
6260725,(주)우림종합건설,부산광역시 강서구 대저1동 1406-10,,기타
6260732,(주)태영건설,서울특별시 영등포구 여의공원로 111,,기타
6260734,명신건설(주),울산 울주군 상북 석남로 751,,기타
6260744,온천4구역주택재개발정비사업조합,부산광역시 동래구 온천동 144-6 온천새마을금고 온천장지점,2층,개인
6260751,어반주택,부산광역시 부산진구 부전동 345-15,1층,전기
6260758,(주) 시에이치건설,대구광역시 수성구 범어동 177-3 마크팰리스 범어,512호(범어동 마크팰리스범어),개인
6260760,(주)부일기획,부산광역시 사상구 주례동 55-100,케이테크밸리 6층,개인
6260765,대명토건 주식회사,부산시 금정구 수림로,,기타
6260768,(주)롯데건설,서울특별시 서초구 잠원로14길 29,,기타
6260770,(주)정록건설,부산광역시 동래구 안락동 419-16,"동래구 충렬사로 36, 3층",기타
6260773,신라종합건축사사무소(주),"부산광역시 북구 낙동대로 1570번길 17, 3층",,기타
6260775,주식회사 유주,부산광역시 기장군 기장읍 차성로190번길 33,2층,기타
6260776,강진종합건설(주),부산광역시 남구 문현동 523-1,"부산광역시 남구 전포대로 90, 4층 404호",기타
6260779,(주)GS건설,서울특별시 종로구 청진동 70 그랑서울,부산 강서구 과학산단2로 12 굿프라임빌딩 6층,개인
6260783,서호건설(주),부산광역시 부산진구 개금동 403-6,,기타
6260792,(주)스타일종합건설,인천광역시 계양구 계산동 1080-7 미래사랑빌딩,,기타
6260797,발해건설(주),부산광역시 사하구 하단동 1176 가락타운2·3단지,355동 502-4호,기타
6260811,에스에스씨건설,부산광역시 연제구 연산동 314-2,3층,하수
6260812,건축사사무소우진,부산광역시 강서구 대저1동 691-4,,기타
6260818,(주)세정이엔지,부산광역시 부산진구 범천동 1298-14,부연 B1,기타
6260826,초우종합건설(주),부산광역시 남구 문현동,"201,4층",기타
6260861,만덕동신타운재건축조합,부산광역시 북구 만덕동 286-8,4층,기타
6260875,보성엔지니어링,부산광역시 사상구 감전동 504-37,,전기
6260685,(주)세인텍,경남 김해시 가락로23번길 27,,기타
6260696,보보코리아,울산광역시 동구 방어동 525-19 오페라하우스,401호,기타
6260698,부경건설중기,부산광역시 부산진구 전포동 878-25,4층,기타
6260703,로뎀건축사사무소,경상남도 김해시 부원동 67-4,202호,기타
6260708,대호토건,부산광역시 강서구 범방동 1853-13,,기타
6260737,대창기업(주),"경기도 안양시 만안구 안양로 80,301호(안양동,국토빌딩)",,기타
6260741,(주)지니이앤씨,서울특별시 송파구 문정동 628 가든파이브툴,제6-디57호,기타
6260742,태인텔레콤 주식회사,부산광역시 연제구 거제동 598-2,,기타
6260755,(주)한가람종합건설,부산광역시 강서구 대저2동,1층,기타
6260757,홍재종합건설(주),울산광역시 중구 성안동 401-2,2층,개인
6260762,씨지종합건설(주),경상남도 함안군 칠원읍 예곡리 695 부동산중개업소,씨지종합건설,하수
6260764,(주)로드종합건설,경상남도 김해시 전하동,,기타
6260767,주식회사 수우,부산광역시 동래구 온천동 1147-13,,전기
6260780,신태인건설,부산광역시 부산진구 초읍동 292-26 운초빌딩,운초빌딩 401호,하수
6260786,(주)피디엠파트너스,부산광역시 수영구 망미동 206-5 크리에이티브센터,크리에이티브센터 3층,기타
6260788,승원조경건설주식회사,부산광역시 연제구 거제동 152-7,,기타
6260794,부산푸른물 주식회사,부산광역시 동래구 안락동 1108 부산환경공단,동부사업단 3층,하수
6260796,태평엔지니어링(주),부산광역시 부산진구 전포동 374-14,3층,기타
6260798,삼해해수기술(주),대전광역시 유성구 복용동 189-1 영인빌딩,"복용동, 영인빌딩 504호",기타
6260803,(주)일성엔지니어링,경기도 수원시 권선구 세류동 1103-21 이레빌,세류동 1120-20번지 104호,도로
6260813,(주)한창이엔에이,부산광역시 남구 대연동 55-1 21 센츄리시티 오피스텔,1616호,기타
6260814,(주)한일환경플랜트,부산광역시 부산진구 가야동 330-4,,하수
6260820,주식회사 유성건설,부산광역시 동구 초량동 587-14,,상수
6260822,맑은부산환경(주),부산광역시 동래구 안락동 1108 부산환경공단,동부사업단 3층,기타
6260841,오현철,부산 강서구 명지동,명지동 3576-9번지,도로
6260843,대보건설(주),부산광역시 부산진구 양정동 336-1 광진빌딩,6층,기타
6260845,신창에코빌,부산광역시 강서구 범방동 1866-1,신창에코빌,도로
6260871,(주)퍼스트종합건설,부산광역시 북구 덕천동 388-12,2층,도로
6260850,동호개발,울산광역시 중구 반구동 36-11,36-11번지,하수
6260874,에스케이브로드밴드(주),서울특별시 중구 남대문로5가 267 SK남산그린빌딩,,도로
6260876,다인개발 주식회사,경기도 용인시 처인구 남동 684 구미마을 삼라 마이다스빌,상가동 101호,기타
6260880,지에스건설(주),서울특별시 종로구 청진동 70 그랑서울,그랑서울 타워2,하수
6260885,(주)다민건설,부산광역시 사하구 감천동 808-10,건물,기타
6260691,대웅건설,경상남도 김해시 삼정동 603-1 행운아트빌라,,기타
6260695,천성종합건설,부산광역시 금정구 남산동 96-12,2층 203호,도로
6260712,하이원종합건설(주),경상남도 김해시 삼정동 617-11 봉성빌딩,3층,기타
6260713,(주)세종이엔지,부산광역시 기장군 기장읍 교리 334-10,세종이엔지,통신
6260714,세고엔텍,부산시 사상구 낙동대로 1468번길 30(삼락동),,기타
6260733,무성토건(주),부산광역시 부산진구 전포동 654-2 전포상가,,기타
6260736,주식회사 한가람종합건설,부산광역시 강서구 대저2동 1941-8,1층,기타
6260748,(주)조양종합건축사사무소,부산광역시 연제구 연산동 585-6 연산센터빌,"302호(연산동,연산센터빌상가)",기타
6260759,(주)흥성,전라북도 전주시 완산구 전주객사 2길,고사동,하수
6260763,대성산업개발(주),경상남도 양산시 북부동 148-35 양산상공회의소,1층,하수
6260789,미래그린(주),부산광역시 북구 금곡동 641-13,2층,기타
6260791,용현건설 주식회사,부산광역시 남구 대연동 542-7,,도로
6260795,일승종합건설(주),부산광역시 기장군 기장읍 동부리 151-5 한신아파트,상가동 지하3호,도로
6260799,에코엔씨(주),경기도 하남시 풍산동 253-1,,기타
6260802,(주)창원기전,부산광역시 강서구 대저2동 2401-2 강서전화국,KT부산강서빌딩 2층,기타
6260808,영림종합건설(주),부산광역시 해운대구 우동 1405 마린파크,1103호,기타
6260821,삼광건설(주),전라북도 전주시 완산구 중화산동2가 647 우리밀동우,8층,개인
6260832,(주)경원전력,경기도 남양주시 화도읍 가곡리 232-4,1층,기타
6260835,(주)바른종합건설,부산광역시 강서구 대저1동 1688-1,1층,기타
6260842,(주)성래종합건설,부산광역시 부산진구 범천동 886-2,,기타
6260855,성원AD산업,경상남도 김해시 율하동 802-1,,기타
6260856,(주)글로벌종합건설,부산광역시 강서구 대저1동 1749-16,2층,기타
6260873,케이에이치종합건설(주),부산광역시 북구 금곡동 1880-11 성원빌딩,4층 성원빌딩,도로
6260877,부성광고사,부산광역시 금정구 금사동 105-25,105-25,도로
6260884,주식회사 금양이앤에스,부산광역시 해운대구 우동 1462 센텀그린타워,센텀그린타워 2103호,전기
6260891,(주)신한이앤씨,경상남도 창원시 진해구 이동 633-9 (주)신한이앤씨,"이동, 신한이앤씨",도로
6260892,창비토건 주식회사,부산광역시 금정구 금성동 876 창녕집,지하1층,하수
6260893,(주)엘지유플러스-서부지사,서울특별시 용산구 한강로3가 65-228 엘지유플러스,,통신
6260894,(주)엘지유플러스서부지사,서울특별시 용산구 한강로3가 65-228 엘지유플러스,,통신
6260895,미래인테리어,경상남도 양산시 평산동 600 양산천성산한일유앤아이아파트,113동 1002호,기타
6260896,대현종합건설(주),부산광역시 해운대구 좌동 1451-1 락희상가,206호,기타
6260897,(주)건축사사무소건영,대전광역시 대덕구 송촌동 506-3,2층,기타
6260686,요진건설산업(주),강원도 원주시 시청로 21(무실동),요진타워 7층,기타
6260690,아이오니아에너지(주),부산광역시 해운대구 우동 1434 썬프라자,440호,전기
6260701,(주)KT건설,"부산광역시 남구 천제등로11, 1층",,하수
6260709,선우토건(주),부산광역시 연제구 고분로 235번길,,도로
6260710,하진토건(주),부산광역시 수영구 광안로 61번길,,기타
6260716,세폰그룹,부산광역시 부산진구 범천동 890-24,,기타
6260719,(주)해민건설,부산광역시 북구 덕천동 411-10,2층,기타
6260728,(주)정원환경개발,부산광역시 사하구 하단동 596-34,하단동 596-34,기타
6260730,부산아이스크림,부산광역시 금정구 금사동 108-5 부산아이스크림,,기타
6260735,금샘종합건설,부산광역시 연제구 거제동 121-5 에이스제이엠빌딩,4층,기타
6260749,(주)석보건설,경상남도 김해시 전하로,2층,기타
6260756,디에이치건설,부산광역시 강서구 대저1동 284-2,,기타
6260766,광림 IMS,부산광역시 사상구 삼락동,,전기
6260777,(주)진광종합건설,부산광역시 강서구 녹산동 1339-5,3층,기타
6260778,부산광역시 공공교통정책과,부산광역시 연제구 연산5동,,기타
6260807,부산오션힐지역주택조합,부산광역시 남구 문현동 815 한일오피스텔,한일오피스텔 1003호,하수
6260825,디와이산업개발(주),울산광역시 울주군 온산읍 화산리 1221-7,,기타
6260827,비엠산업개발,부산광역시 금정구 구서동 177-1 우남타워,901호,기타
6260848,(주)성심,부산광역시 동래구 안락동 603-57,(주)성심,도로
6260849,새하종합건설,부산광역시 사상구 덕포동 113-5,E동 202호,개인
6260853,삼보종합건설(주),경상남도 의령군 의령읍 하리 266-2,삼보종합건설(주),기타
6260862,유림이엔씨건설(주),부산광역시 강서구 명지동 3313-6,102호,기타
6260866,(주)남흥건설,부산광역시 부산진구 부전동 168-451,중앙대로 702번길 43,기타
6260869,(주)지아이피에스,부산광역시 기장군 장안읍 반룡리 828-2,2층,전기
6260870,천자건설(주),경상남도 창원시 진해구 제덕동 340-3,,도로
6260872,(주)대호이엔지,부산광역시 금정구 구서동 162-4 삼한골든뷰,1016호,기타
6260888,주식회사 협성에너지,부산광역시 연제구 연산동 397-37,3층,가스
6260898,오대건설,부산광역시 강서구 신호동 218-2,201호,가스
6260899,(주)신태원종합건설,부산광역시 사상구 감전동 163-11 대풍주유소,"대풍주유소, 2층",도로
6260900,(주)에스투건설,부산광역시 사하구 당리동 318-11,"5층(당리동, 삼원빌딩)",도로
6260901,제아정보통신(주),경기도 부천시 괴안동 4,,통신
6260903,주례2구역 주택재개발정비사업조합,"부산시 사상구 가야대로 227,3층","부산시 사상구 가야대로 227,3층",개인
6260904,(주)남평종합건설,부산광역시 동래구 명륜동 65-27,,기타
6260915,소도건설(주),서울특별시 서초구 방배동 464-4,102호,개인
6260916,우성공영(주),부산광역시 연제구 연산동 400-9,2층,가스
6260919,(주)희양건설,부산광역시 금정구 구서동 78-1 초정아트빌1차,104호 B101호,기타
6260921,(주)엘지유플러스-동부산,부산광역시 동구 초량동 엘지유플러스 부산초량사옥,초량동 1145-7,통신
6260930,(주)엠텍정보통신공사,경상남도 창원시 마산합포구 산호동 405-47 하나방송(주),2층(경상남도 창원시 마산합포구 산호동 405-47),통신
6260947,주식회사 대경전기,부산광역시 사상구 모라동 710-8,,전기
6260950,신성범,부산광역시 부산진구 전포동 362-64 한라비발디,101동 1902호,개인
6260957,(주)다경건설산업,부산광역시 사상구 강변대로 570,509호(부근빌딩),개인
6260959,주식회사 라이팅폴,부산광역시 강서구 죽동동 474-9,,전기
6260969,(주)고구려씨앤디,부산광역시 금정구 서동 147-47,101호,하수
6260991,동양종합건설(주),대구광역시 달서구 감삼동 68-4,,하수
6260998,(주)대성문,부산광역시 연제구 연산동 859-2 시청역퀸즈W,2층,도로
6261012,주식회사 드림이엔씨,부산광역시 동래구 온천동 435-1 온천프라자,상가동 305호,도로
6261017,태인종합건설 주식회사,경기도 평택시 지제로,태인종합건설,하수
6261025,해솔종합건설(주),부산광역시 강서구 명지동 3334-2,202호,기타
6261030,광덕에이스종합건설(주),부산광역시 금정구 남산동,우창빌딩 6층,기타
6261037,광흥건설 (주),부산광역시 금정구 남산동 44-1,44-1번지,도로
6261040,주식회사 에스티모빅,서울특별시 강동구 길동 347-31 코튼빌딩,3층,기타
6261057,(주)진우종합건설,부산광역시 사상구 감전동 163-5,,기타
6261072,합자회사 삼익건설,부산광역시 강서구 대저1동 1301-9,1층,도로
6261078,성산이엔씨(주),부산광역시 남구 대연동 910-5,,전기
6261079,한라종합건설 주식회사,부산광역시 강서구 대저2동,,하수
6261108,(주)삼마토건(추가),대구광역시 수성구 범어동,킹덤오피스텔 607호,하수
6261115,가온이엔씨,부산광역시 사상구 주례동 530-5 현대무지개타운,현대무지개상가 1동 305호,기타
6261124,주식회사 광토건설,부산광역시 남구 대연동 76-5 현대오피스텔,605호,하수
6261125,(주)한국건설안전공사,대전광역시 유성구 지족동 834 인앤인주상복합,"201호, 202호",도로
6261127,(주)성벽,부산광역시 금정구 두실로 70,,기타
6261129,국군지휘통신사령부,경기도 과천시 갈현동 507,1층,기타
6261130,(주)에이치제이중공업,부산광역시 연제구 연산동 1607-6,,기타
6261143,금탑엔지니어링,"서울 도봉구 도봉로146길21,4층(방학동,우림빌딩)",,하수
6261147,(주)온누리산업개발,울산광역시 중구 학성동 430-7 천지아파트,102동 214,하수
6260912,주식회사 비엠텍,부산광역시 중구 중앙동4가 84-11,중앙도 4가(충장대로5번길 18-1),기타
6260918,연지2구역주택재개발정비사업조합,부산광역시 부산진구 연지동 327-3,3층,기타
6260926,(주)한화건설,경기도 시흥시 대야동,대야동 573-2 (모비딕빌딩 8층),기타
6260936,한성토건(주),경기도 용인시 기흥구 영덕동 765-7,304호 영덕동(덕수빌딩),개인
6260949,강한종합건설(주),"부산광역시 수영구 망미로22번길 25, 2층",,기타
6260953,(주)경남개발,부산광역시 남구 대연동 1742-1,,통신
6260954,한진산업개발(주),울산광역시 울주군 범서읍 천상리,3층,기타
6260967,(주)지암컨설턴트,경기도 성남시 중원구 상대원동 190-1 SKn테크노파크,"1016호, (주)지암컨설턴트",기타
6260972,한결이엔지(주),경기도 안성시 옥산동 592 폴리프라자,,기타
6260976,지구건설(주),부산광역시 사상구 감전동 116-7 삼주오피스텔,2층 201호,기타
6260981,주식회사 수성전기,경기도 광주시 오포읍 추자리 132-7,1층,전기
6260992,동양엔지니어링,부산광역시 연제구 연산동 2149-5,50,기타
6261005,(주) 수인이엔지,경상남도 김해시 풍유동 429-6,,하수
6261023,렉스젠(주),경기도 안양시 동안구 관양동 224-5 대륭테크노타운15차,"401,1008호,1007호 렉스젠",통신
6261026,(주)창일전력,부산광역시 북구 만덕동 909-2,,전기
6261028,(주)세운건설,경상북도 구미시 선산읍 이문리,,기타
6261039,(주)청산종합건설,경상남도 양산시 다방동 432,1동 401호,개인
6261075,건한종합건설(주),부산광역시 수영구 수영동 445-11,5층,하수
6261076,건축사사무소 라미,경기도 수원시 장안구 영화동 376-35,2층,기타
6261089,SKT_동부,부산광역시 부산진구 부암동,에스케이텔레콤부산지사,통신
6261090,세양엔지니어링,경기도 김포시 양촌읍 황금1로 308-25,"1, 2층",기타
6261101,선재토건(주),부산광역시 연제구 연산동 1827-1,102호,하수
6261107,(주)명신건설,부산시 사상구 학감대로,,도로
6261138,주식회사 이정이엔씨,부산광역시 부산진구 범천동 842-2 두산위브센티움,301호,기타
6261141,(주)이정이엔씨,부산광역시 부산진구 범천동 842-2 두산위브센티움,301호,기타
6261142,부산테크(주),부산광역시 수영구 광안동,1층,가스
6261146,(주)대저건설,경상남도 김해시 부원동 611-4,,하수
6261149,(주)세경엔지니어링,경기도 안양시 동안구 평촌동 87-10 평촌 K-비즈리움,평촌 k-비즈리움 1002호,기타
6261153,성은지오텍,부산광역시 사상구 모라동 1375 부산벤처타워,부산벤처타워 703호,기타
6261155,정성종합건설 주식회사,경상북도 영천시 영화로 38(금노동),,하수
6261156,(주)삼희종합건설,부산광역시 남구 문현동 815 한일오피스텔,11층 1115호,도로
6260914,건축사사무소 다솜,울산광역시 남구 삼산동 184-5,2층,도로
6260917,자일대우버스 주식회사,경기도 부천시 오정동,,기타
6260928,현대엔지니어링(주),서울특별시 종로구 계동 140-2 현대빌딩,,기타
6260946,보명건설(주),부산광역시 금정구 구서동 177-1 우남타워,"9층, 901호",하수
6260948,(주)일상건설,부산광역시 기장군 기장읍 동부리,2층(배산로 73),기타
6260962,튜브솔루션(주),부산광역시 기장군 철마면 송정리 587-4 삼건기계설비,1층,통신
6260963,광득건설주식회사,경상남도 창원시 의창구 사림동 162-2 해금 Science Town,해금싸이언스타운 302호,기타
6260964,한국전력공사 경남본부,경상남도 창원시 성산구 신월동 99-2 한국전력공사경남본부,한국전력공사 경남본부,전기
6260970,네오종합건설(주),경상남도 양산시 물금읍 범어리 2711-9 네오코아,204호,기타
6260971,성창이엔지(주),부산광역시 남구 대연동 455-11,부산광역시 남구 황령대로492번길 66,전기
6260978,(주)이연건설,부산광역시 동래구 명장동 321,4층,기타
6260979,주식회사 솔라테크,경기도 화성시 우정읍 버들로,,전기
6260982,에프엠소일테크,서울특별시 강동구 길동 397-1,3층,기타
6260984,주식회사 고려엔지니어링 종합건설,부산광역시 동래구 복천동 295-5 동림빌딩,"301호,502호",개인
6260987,해머철거,부산광역시 부산진구 가야동 361-203 성진빌라2차,가야동,기타
6260988,새연산아파트 소규모재건축정비사업조합,부산광역시 연제구 연산동 585-6 연산센터빌,상가2층,기타
6260997,기성건설(주),서울특별시 강남구 율현동 196-72,,도로
6260999,에스피이앤지 주식회사,부산광역시 강서구 공항로 393번길 63,,전기
6261004,(주)센티움종합건설,부산광역시 북구 학사로,덕진상뜨레뷰앙코르,기타
6261011,덕양건설(주),경상남도 양산시 물금읍 범어리 2711-23 디온플레이스,507호,하수
6261024,우정아이앤씨,부산광역시 해운대구 반여동 1199-11 센텀대림아파트,삼해대림타운 상가11동 B4호,통신
6261027,용신종합건설(주),부산광역시 동래구 사직동 89-8,용신빌딩 4층,하수
6261029,양정2구역주택재개발정비사업조합,부산광역시 부산진구 양정동 85-4,3층,기타
6261032,지구건설주식회사,부산광역시 사상구 감전동 116-7 삼주오피스텔,2층 201호,전기
6261035,양득건설 주식회사,부산광역시 북구 구포동 1240-12,1층,하수
6261049,진율종합건설(주),부산광역시 금정구 오륜동 636,1층,도로
6261053,현대엔지니어링,서울특별시 종로구 계동 140-2 현대빌딩,,도로
6261066,(주)거성종합건설 건축사사무소,부산광역시 북구 백양대로,,기타
6261067,(주)동부토건(추가),부산광역시 남구 대연동 882-9,4층,하수
6261085,(주)도명전기,"부산광역시 기장군 철마면 여락송정로 322, 201호",,전기
6261094,우암2구역주택재개발정비사업조합,부산광역시 남구 우암동 67-3 채정희치과의원,3층,도로
6261097,(주)동일컨설턴트,서울특별시 서초구 양재동 275-6 삼호물산빌딩,B동,도로
6260927,부산안전진단건축사사무소,부산광역시 수영구 남천동,"반도빌딩, 205호",기타
6260934,(주)수훈종합건설,부산광역시 동래구 낙민동 13-6 에스뻬랑스빌딩,에스빼랑스빌 5층,기타
6260939,(주)KT 광안지점,부산광역시 수영구 수영동 458-8,수영빌딩,통신
6260941,자연건설 주식회사,부산광역시 해운대구 우동,1102-221 센텀현대아파트(우동),기타
6260955,한신산업개발(주),울산광역시 울주군 범서읍 천상리,3층,기타
6260975,남해종합건설(주),광주광역시 동구 광산동 78-1,안산빌딩,하수
6260980,부산광역시 기장군 도시관리공단,부산광역시 기장군 정관읍 방곡리 269-3 기장군도시관리공단,,기타
6260994,한수건설(주),부산광역시 기장군 일광읍 이천리 583-25,한수건설(주),기타
6260995,주식회사 서연기전,경기도 수원시 권선구 호매실동 1405-2,520호,전기
6261009,(주)청운기업,부산광역시 부산진구 범천동 878-13 인풍빌딩,,기타
6261010,주한종합건설(주),부산광역시 강서구 송정동 1631-4,12-5,기타
6261013,(주)코맥스,경기도 성남시 중원구 상대원동 513-11,,전기
6261014,(주)화현종합토건,울산광역시 울주군 삼남읍 교동리 1581-5,2층,하수
6261015,화현종합토건(주),울산광역시 울주군 삼남읍 교동리 1581-5,2층,하수
6261018,(주)삼정기업,부산광역시 동래구 온천동 1163,"5층(온천동, 삼정기업)",기타
6261019,부산환경공단 남부사업소,부산광역시 남구 용호동 12,,하수
6261020,주식회사 유탑이엔씨,금정구 금강로 565번길 26 3층,,기타
6261022,(주)주원종합건설,학감대로 120(학장동),3층,도로
6261031,(주)예은종합건설,부산광역시 강서구 대저1동 1749-30,1층,기타
6261033,(주)사상파크홀딩스,부산광역시 동구 초량동 1169-3 강남빌딩,702호,기타
6261065,천지건설산업(주),부산광역시 금정구 부곡동 294-1 금정프라자,401호,기타
6261068,부산관광공사(부산시티투어),부산광역시 동구 초량동 1205-1번지,한국교직원공제회 부산회관 701호,기타
6261073,(주)한국지오 컨설턴트,서울특별시 서초구 양재동 317-1 엄지빌딩,엄지빌딩 5층,도로
6261091,신진종합건설(주),부산광역시 연제구 연산동 1222,2층,도로
6261100,수영종합건설(주),부산광역시 수영구 망미동 442-10 메디플러스,442-10,개인
6261104,(주)기해이앤씨,부산광역시 연제구 거제동 1489-1 나래타운빌딩,6층,기타
6261105,덕천2구역 주택재건축정비사업조합,"부산광역시 북구 만덕대로 84, 2층(덕천동, 성암빌딩)",,기타
6261111,㈜재원건설이엔씨,"부산광역시 해운대구 해운대로1238, 2층",,기타
6261118,(주)정원종합건설,부산광역시 수영구 광안동 99-1 정원센텀뷰,203호,기타
6261122,(주)엔젤,부산광역시 사상구 감전동 143-1 부창프라자,,기타
6261123,(주)한라태양에너지,경기도 파주시 광탄면 용미리 586-1,,도로
6261137,하나에스엔디(주),경기도 광명시 소하동 1340-5 웅신아트,광명시 소하동 1340-5번지 409호,기타
6260913,(주)지크아이디,서울특별시 강동구 성내동 452-2 파크뷰 진도,"3층, 302호",도로
6260923,비엠산업개발주식회사,부산광역시 금정구 구서동 177-1 우남타워,9층 901호,하수
6260924,(주)우성이엔씨,부산광역시 부산진구 연지동 190-57,2층,기타
6260935,쌍백토건(주),부산광역시 연제구 거제동 76-2 국제문화센터,국제빌딩내 12층 1201-3호,기타
6260937,(주)스탠다드건설,서울 영등포구 버드나무로,"303호(당산동, 하정빌딩)",도로
6260938,용호3구역 주택재개발정비사업조합,부산광역시 남구 용호동 486-47,203호,기타
6260940,효성중공업,서울특별시 중구 회현동1가 210 AK타워,,기타
6260942,주식회사 미라벨,부산광역시 기장군 일광면 삼성리,정안메디컬 10층,기타
6260945,(주)범우전기,경상남도 양산시 물금읍 범어리 1008,철든상가,전기
6260956,고려특수건설(주),부산광역시 부산진구 전포동 202-28,301호,기타
6260965,미래환경,경상남도 김해시 주촌면 선지리 750-6,2층 미래환경,상수
6260983,연산지역 주택조합,부산광역시 연제구 중앙대로 1043,303호,기타
6260985,HE지하안전연구원,부산광역시 강서구 대저2동 3153-1,115동 204호,기타
6260989,태흥종합건설 주식회사,부산광역시 부산진구 양정동 386-2,4층,기타
6260990,(주)미성건설산업,경상남도 김해시 봉황동 74-26,봉황동,기타
6261000,(주)이제이텍,경기도 성남시 분당구 구미동 204-5 석정빌딩,,기타
6261001,한울지오텍,경기도 용인시 수지구 성복동 771 버들치마을 성복 힐스테이트 1차,,기타
6261021,중원건설주식회사,"김해시 김해대로 1836, 302호",,기타
6261044,강남정보통신,경상남도 김해시 대동면 초정리 115-112,,통신
6261052,(주)인펙비전,부산광역시 금정구 부곡동 226-3,2층,기타
6261055,(주)일동토건,경상남도 양산시 교동 624-4,,기타
6261056,제이엠 건설,부산광역시 남구 대연동 1766-6,,기타
6261058,(주)우영플랜트,부산광역시 동래구 안락동 151,,기타
6261102,부산광역시 낙동강관리본부,부산광역시 북구 구포동 1157-1 부산광역시 낙동강관리본부,,기타
6261103,부산광역시 보건환경연구원,부산광역시 북구 만덕동 945-5 보건환경연구원,,기타
6261116,(주)토우엔지니어링,서울특별시 송파구 방이동 47-11 이레로,이레로빌딩 2F,기타
6261119,대연4구역주택재개발정비사업조합,부산광역시 남구 대연동 898-2,5층,기타
6261132,도호경포장,부산광역시 북구 덕천동 132-65 덕천동 롯데아파트,101-1704,기타
6261133,(주)정운전설,경상남도 진주시 강남동 210,.,전기
6261136,하람건설(주),경상남도 양산시 물금읍 범어리 2782-4 에이원메트로,,도로
6261140,유림인포텍,부산광역시 해운대구 센텀중앙로,a동 8층 801호,통신
6261145,오케이누수설비,부산진구 성지곡로,,하수
6261150,건축사사무소 아키텍톤,대구광역시 중구 남산동 618-6,2층,기타
6260920,(주)라인산업,광주광역시 북구 신안동,206호(신안동),기타
6260932,(주) 우성종합건설,"부산광역시 금정구 개좌로 270, 2층(회동동)",,기타
6260944,후제종합건설(주),부산광역시 수영구 민락동 135 서희스타힐스 센텀프리모,401호,개인
6260951,대우산업개발(주),인천광역시 연수구 송도동 3-1 송도 밀레니엄,601호,도로
6260952,이수건설(주),부산광역시 동래구 사직동,보현타워 401호(동래구 석사로 35),기타
6260968,주식회사 가인종합건설,충청북도 음성군 금왕읍,,기타
6260974,(주)케이이에스전기공사,서울특별시 서초구 양재동 398-7 KES빌딩,"3층,  KES빌딩",전기
6260993,(주)세움주택건설,부산광역시 연제구 연산동,2층 연산동,기타
6260996,(주)농협네트웍스,서울특별시 서대문구 미근동 267 NH농협생명빌딩,"서관9, 10층",기타
6261003,(주)이타건설,서울특별시 송파구 문정동 644-2 문정현대지식산업센터1-2,C동 204호,하수
6261008,주식회사 호정건설,울산시 울주군 범서읍 울밀로 2803 2층 2호,,기타
6261016,(주)건영기건,경기도 안양시 동안구 관양동 1802 평촌 오비즈타워,2203호,기타
6261038,주식회사 지하공간이엔지,부산광역시 수영구 광안동 89-13 화목오피스텔,1205호,개인
6261041,지원종합건설산업(주),경상남도 양산시 상북면 석계리 1128-2,,기타
6261050,송익건설(주),부산광역시 동래구 명륜동,2층 202호,기타
6261063,제이와이산업개발(주),부산광역시 강서구 명지동 3603-7 에코팰리스,,도로
6261069,아이에스동서(주),서울특별시 강남구 영동대로,"부산광역시 해운대구 센텀중앙로 97, A동 4101호",기타
6261074,두산에너빌리티(주),경상남도 창원시 성산구 귀곡동 555 두산에너빌리티(주),,기타
6261077,(주)와이어블,부산광역시 동구 초량동 1056-2 한국방송통신전파진흥원 부산본부,남아빌딩 408호,통신
6261084,원영종합건설,부산광역시 해운대구 우동 1468 케이엔엔타워,1803호,개인
6261088,(주)하랑이엔씨,부산광역시 강서구 공항로 1309번길,,전기
6261092,부산기연(유),부산광역시 동래구 안락동 546-11,안락동 546-11,도로
6261096,동백종합건설 주식회사,부산광역시 연제구 거제동 1495-2 금영빌딩,7층(금영빌딩),하수
6261098,남아건설(주),부산광역시 부산진구 범천동 836-1 중앙빌딩,중앙빌딩 605호,도로
6261099,(주)지오알앤디,부산광역시 해운대구 우동 1459 퍼스트인센텀,906호,도로
6261109,(주)목림건설,부산광역시 부산진구 개금동 389-1,,하수
6261110,인제대학교 부산백병원,부산광역시 부산진구 개금동 633-165 인제대학교 부산백병원,부산백병원,기타
6261135,(주)발해,전라북도 전주시 덕진구 금암동 768-10 르네블루빌딩,1층 107호,기타
6261151,(주)가호산업,부산광역시 강서구 대저2동 3154-2,102동 106호,기타
6261152,(주)유정이앤티,경상남도 창원시 의창구 팔용동 12-3 창원공구랜드,2층 220호,하수
6261158,주식회사 유림이엔씨,부산광역시 부산진구 전포동 892-22 서면더블루S,지하1층 101호,기타
6260922,(주)아이브이신라,부산광역시 남구 문현동 366-14 삼한 사랑채,401,기타
6260931,(주)발원전기,부산광역시 동래구 온천동 1236-35,,전기
6260943,(주)삼덕종합건설,경상남도 김해시 삼정동,,기타
6260966,삼성전기(주),부산광역시 강서구 송정동 1623-2,안전환경,전기
6260986,(주)서연기전,경기도 수원시 권선구 호매실동 1405-2,520호,기타
6261006,주식회사 유건,부산광역시 동래구 수안동 284,4층,하수
6261007,(주)동양전력,경상남도 김해시 전하동 432-3,,기타
6261036,서진산업(주),경상남도 창원시 성산구 용호동 73-2 라이크빌-1,,기타
6261043,명린종합건설,경상남도 진주시 평거동 1097-1,4층,하수
6261045,한국환경공단,인천광역시 서구 경서동 371-2,,기타
6261046,(주)다한,경상남도 김해시 대청동 317-7 플러스빌딩,801호,도로
6261047,지케이엔지니어링(주),경기도 안양시 동안구 호계동 1027,605호,도로
6261054,태백토건(주),부산광역시 부산진구 가야동 501-5,4층 1호,하수
6261060,JY산업개발,부산광역시 강서구 명지동 3603-7 에코팰리스,6층 605호,도로
6261082,대세토건(주),울산광역시 울주군 온양읍 외광리 492-3,,기타
6261086,주식회사 해성전력,부산광역시 동래구 온천동 1460-10,,전기
6261114,미래이앤시(주),경기도 용인시 처인구 포곡읍 금어리 407-17,미래이앤시,기타
6261120,(주)대로건설,부산광역시 기장군 정관읍 방곡리 259-4,,도로
6261126,한길종합건설(주),부산광역시 금정구 금단로,2층,기타
6261131,항도종합건설(주),경상남도 양산시 북부동 485-3,201,기타
6261134,(주)발해,전라북도 전주시 덕진구 금암동 768-10 르네블루빌딩,1층 107호,기타
6261139,한국수자원공사 연구원,대전시 유성구,유성대로 1689번길 125 K-water연구원,기타
6261144,(주케이알산업,"서울시 송파구 위례순환로 480, KR산업 위례빌딩","서울시 송파구 위례순환로 480, KR산업 위례빌딩",도로
6261148,(주)한 빛,부산광역시 금정구 장전동 221-25,,기타
6261154,(주)광원전설,부산 연제구 거제대로96번길 5-17,,전기
6261157,일광건설(주),서울특별시 성동구 성수동2가 280-21 성수동 우림 이비즈센터,우림E비즈센터 811호,도로
6261159,태윤종합건설(주),부산광역시 금정구 서동 141-200,,도로
6261160,일산건설,부산광역시 사상구 모라동 653-29,653-29번지,기타
6261161,(주)한성토건,강원특별자치도 원주시 반곡동 1967-3 한성빌딩,4층 403호,도로
6261162,원포인트 설비,부산광역시 남구 황령대로 90번길 155=1,,기타
6261163,세일종합건설,부산광역시 사하구 신평동 610-6,,도로
6261164,아이디노,센텀중앙로 66,"센텀중앙로 66, 3층",기타
6260925,부산광역시 버스운영과,"부산광역시 연제구 연산동 1000 부산광역시청, 부산광역시의회",부산광역시청,기타
6260929,금석종합건설(주),부산광역시 금정구 구서동 1023-17,,기타
6260933,(주)토영건설,부산광역시 기장군 기장읍 동부리 150-16,명성빌딩 6층,기타
6260958,일성엔지니어링(주),부산 북구 덕천로,"4층(만덕동,호산스포렉스)",도로
6260960,기전사,부산광역시 동래구 온천동 1380-7,부산시 동래구 여고북로 33번길 35,전기
6260961,미진전기(주),부산광역시 강서구 대저1동 345-1,,전기
6260973,(주)에스케이에스전기공사,서울특별시 서초구 양재동 398-7 KES빌딩,3층 KES빌딩,전기
6260977,주식회사 센트럴시티,부산광역시 해운대구 중동 1768-5 센트럴메디타워,중동 1768-5 센트럴메디타워 1402호,기타
6261002,동영테크원(주),부산광역시 해운대구 석대동 620,,전기
6261034,(주)엠지엘건설,부산광역시 기장군 정관읍 달산리 148-12 (주)성우하이텍,현장사무실(부산 수영구 광남로 38),도로
6261042,우암1구역주택재개발정비조합,부산광역시 남구 우암동 52-60 부산은행,52-60,도로
6261048,주식회사 대명산업전기,부산시 강서구 낙동북로 71(강동동),,전기
6261051,주식회사 대웅전기,부산광역시 강서구 대저1동 1494-7,주식회사 대웅전기,기타
6261059,혜도건설(주),부산광역시 부산진구 중앙대로 749 혜도빌딩 11층,,기타
6261061,(주)한국건설정보연구원,"서울특별시 노원구 월계동 648 인덕대학교,인덕과학기술고등학교",인덕대학교 창업보육실 527호,기타
6261062,(주)kcc건설,서울특별시 서초구 잠원동 27-8 KCC 건설,,도로
6261064,(주)티이엔,충청북도 청주시 청원구 오창읍 양청리 685-3 충북테크노파크,본부관 318호,개인
6261070,하이원 종합건설(주),경상남도 김해시 풍유동 1005-1,301호,기타
6261071,(주)금오종합건설,부산광역시 북구 덕천동 396-4 이수빌딩,금오종합건설사옥 이수빌딩,하수
6261080,한국자원,부산광역시 부산진구 전포동 196-3,전포동 196-25 1층,하수
6261081,드림타워솔루션 주식회사,부산광역시 사상구 감전동 165-10 엘지텔레콤빌딩,2층 드림타워솔루션 영남지사,도로
6261083,동명종합건설(주),부산광역시 연제구 연산동 479-9 팡도르,"6층, 동명종합건설(주)",기타
6261087,(주)HS이엔씨,경기도 군포시 금정동 1-40 한림휴먼타워,504호,도로
6261093,에스엠상선(주)건설부분,부산광역시 중구 중앙동4가 84-5,,기타
6261095,수길정보통신,부산광역시 금정구 금사동 57-2,2층,통신
6261106,주식회사유씨엠,부산광역시 기장군 기장읍 연화리 108-3 주식회사 유씨엠,1층,도로
6261112,(주)대경전력공사,부산광역시 강서구 대저2동 3138-1,207동 2층 212호,전기
6261113,유일종합건설(주),부산광역시 북구 구포동 1086,4층,도로
6261117,(주)성운건설산업,부산광역시 강서구 대저1동 361-136,,도로
6261121,(주)마린하이텍,부산광역시 수영구 광안동,4동 101호,통신
6261128,부산교통공사,부산진구 중앙대로 644번길 20,,기타
6261184,(주)다원종합건설,부산광역시 연제구 연산동 1499-31 스타빌딩,5층,기타
6261189,주식회사 피플앤미래정보기술,부산광역시 사상구 모라동,,통신
6261193,주식회사 주성,부산광역시 기장군 일광읍 칠암리,,개인
6261194,원아시아코리아 유한책임회사,사하구 하단동 590-5,하이웰빌딩 6층 601호,통신
6261196,유일전기(주),부산광역시 사하구 하단동 592-4 나산리버빌,201호,전기
6261201,(주)하늘숲,부산광역시 금정구 장전동 229-7,229-7,기타
6261203,엔피엑스(주),부산광역시 강서구 대저2동 3153-1,"121동 213,214호",전기
6261213,(주)서광시스템,서울특별시 송파구 문정동 644 문정현대지식산업센터1-1,b동 12층,통신
6261217,광림종합건설주식회사,부산광역시 기장군 정관읍 달산리 1221-5,3층 302호(홍림프라자),기타
6261221,주식회사 해연정보기술,부산광역시 강서구 대저2동 3141-8 건축자재판매단지,,기타
6261240,부산광역시청,"부산광역시 연제구 연산동 1000 부산광역시청, 부산광역시의회",연산동 1000,기타
6261245,(주)두원전자통신,경기도 부천시 오정구 삼정동 36-1 부천 테크노파크 쌍용3차,301동 408호,통신
6261247,부산경찰청(교통과),부산광역시 연제구 연산동 1000 부산광역시경찰청,연산동 1000,기타
6261248,주식회사 대원전력,경남 고성군 고성읍 동외리,경남 고성군 고성읍 동외리 186-3,전기
6261255,하나종합통신,부산광역시 동래구 사직동 144-29,중앙대로 1291,통신
6261260,(주)남산건설,전라북도 군산시 개정면,전라북도 군산시 개정면 율북2길 23,기타
6261261,에이스건설 주식회사,서울 영등포구 문래동3가,"서울시 영등포구 경인로 775, B142호",기타
6261262,거송종합건설(주),경남 창녕군 부곡면 거문리,경남 창녕군 부곡면 온천중앙로34,기타
6261266,성진산업개발,경기도 김포시 고촌읍 신곡리 533-30,6층 603호,도로
6261272,풍산건설(주),부산광역시 동래구 명륜동 700-187,,하수
6261274,효성중공업(주),부전동 168-291,부전동 168-291,기타
6261291,주식회사 아이리스테크놀로지,서울특별시 광진구 군자동,대양AI센터 307호,도로
6261304,주식회사 디에이치대한,부산광역시 동래구 명장동 25-14,B1,하수
6261316,장산종합건축사사무소,부산광역시 동래구 온천동 1448-11,303호,개인
6261333,(주)고웅종합건설,부산광역시 연제구 거제동 453-10,2층 201호,기타
6261336,엘투에스건설㈜,서울특별시 서초구 신원동 607,"402호, 403호",기타
6261344,(주)성덕에너지,부산광역시 기장군 기장읍 배산로8번길 106,,기타
6261361,세양전력,부산광역시 강서구 대저2동 3138-1,203동 117호,전기
6261362,대연3구역 주택재개발정비사업조합,부산광역시 남구 대연동  1758-9 우리은행대연동지점,3층,기타
6261376,(주)메트로씨앤씨,서울특별시 마포구 신수동 371-19,403호,기타
6261377,주식회사 현동이앤씨,부산광역시 기장군 기장읍 교리 242 에스이전력(주),1층,통신
6261172,(주)일정건설,부산광역시 금정구 노포동 823-1,,기타
6261174,재단법인부산테크노파크,부산광역시 강서구 지사동 1276 부산테크노파크,,도로
6261179,석암토건(주),해운대구 우동,,기타
6261183,에스엠씨이앤아이티(주),부산광역시 기장군 장안읍 길천리 192-10 먹보,1층,통신
6261185,주식회사 예원종합건설,경남 김해시 호계로549번길 24,,기타
6261192,대승종합건설(주),부산광역시 사하구 신평동 79-22,2층,하수
6261195,금현종합건설 주식회사,부산광역시 해운대구 재송동 1212 큐비이센텀,1411호,기타
6261209,대상건설,부산 영도구 절영로,KT동삼빌딩 5층,기타
6261214,주식회사 삼명건설,부산광역시 서구 충무동1가 9-14,3층,개인
6261216,(주)쌍용선재,부산광역시 강서구 송정동,쌍용선재,기타
6261227,노노전기,부산광역시 부산진구 양정동 217 시청센트빌,981호,전기
6261232,(주)에이스종합건설,부산 동구 범일로 90번길 17,202호,하수
6261235,(주)주한종합건설,부산광역시 강서구 송정동 1631-4,501호,기타
6261237,주식회사 섬진강,부산광역시 동래구 사직동 60-33,"가동, 2층",개인
6261239,건아정보기술(주),서울시 송파구 올림픽로,건아빌딩 건아정보기술(주),전기
6261244,우림건설(주),울산광역시 울주군 청량읍 상남길 43,4층,기타
6261251,(주)세종네트웍스,경기도 과천시 과천대로7길 12,(지번)경기 과천시 갈현동 산 32,통신
6261269,석홍종합건설(주),부산광역시 동구 초량동 1196-1,802호,도로
6261273,(주)금재종합건설,부산광역시 금정구 남산동 91-5,남산동 91-5,도로
6261285,서진건설산업(주),"부산광역시 서구 대영로45번길 25, 1층",,기타
6261311,중앙건설㈜,인천광역시 강화군 강화읍 용정리 7-2,101호,도로
6261313,재성종합건설(주),경기 성남시 분당구 구미동,경기도 성남시 분당구  탄천상로 164 D동321호,기타
6261315,(주)성일전력,부산광역시 사하구 하단동 611-51,,기타
6261354,미림종합건설주식회사,대구광역시 달성군 화원읍 비슬로 491길 13,105동 201호,기타
6261357,건축사사무소 지심,부산광역시 강서구 대저로,2층,개인
6261365,국제인테리어,경남 양산시 물금읍 버들2길 15-1,1층,기타
6261370,(주)일동,부산광역시 해운대구 우동 1462 센텀그린타워,2005호,도로
6261378,성광종합건설(주),김해시 주촌면 천곡리 1461,경남 김해시 주촌면 이지산단로 115,기타
6261167,주식회사 제이에이치전력,경상남도 진주시 진성면 상촌리 225,,도로
6261168,원공엔지니어링(주),부산광역시 연제구 교대로 22번길 16-6,,도로
6261170,(주)리치건설,부산광역시 기장군 장안읍 좌천리 202-6,"좌천로45, 2층",기타
6261173,대원이엔지,부산광역시 강서구 대저2동 3154-2,103동 101호,도로
6261188,티엘엔지니어링(주),부산광역시 수영구 민락동 15-1,29-1,기타
6261215,태림중기,부산광역시 동래구 안락동 962 동래화목타운,상가동 305호,개인
6261218,경원종합건설,경상남도 김해시 삼정동 447-1,401호,기타
6261219,주식회사 오감,경상남도 김해시 명법동 228,주식회사 오감,기타
6261243,부산광역시 보행도시정책과,"부산광역시 연제구 연산동 1000 부산광역시청, 부산광역시의회",중앙대로 1001,기타
6261246,부일설비,해운대구 재송동,재송1로45번길 10,기타
6261253,주식회사 예강종합건설,부산광역시 해운대구 해운대해변로,,기타
6261254,삼중테크주식회사,서울특별시 송파구 문정동 642-3 문정역SKV1,A동 15층,기타
6261257,녹수건설,부산시 영도구 상리로,상가동 203호,하수
6261268,㈜미르알엔티,부산광역시 동래구 명륜동 669-5 그린빌딩,401호,전기
6261283,(주)서원아이앤디,부산시 동구 범일동,830-276번지 203호,하수
6261286,주식회사 경진이앤지,부산광역시 사하구 하단동 614-36,,전기
6261289,㈜대우건설,부산광역시 부산진구 부전동,,하수
6261290,(주)에스지종합건설,"부산 수영구 남천바다로21번길 70, 201호",,기타
6261294,소리지반기술,부산광역시 해운대구 재송동 1129-12 미주빌라,102호,기타
6261297,(주)우송건설,부산광역시 동래구 안락동 792-7,충렬대로 336번길 1-3,기타
6261299,라진건설 주식회사,부산광역시 서구 보수대로 105-1,한웅레포츠 703호,기타
6261301,성전사,부산광역시 영도구 봉래동5가 94-6,,전기
6261305,(주)삼흥티에스건설,부산광역시 금정구 부곡동 270-5,,기타
6261306,지에스건설,서울특별시 종로구 청진동 70 그랑서울,,도로
6261308,현대인테리어,부산광역시 남구 문현동 41 한양아파트,,개인
6261310,두산건설 주식회사,서울특별시 강남구 언주로,(논현동),기타
6261312,건담종합건설(주),서울특별시 송파구 문정동 642-3 문정역SKV1,A동 1411호,기타
6261314,능전종합건설(주),부산광역시 사상구 주례동 166-17 능전조경,1층,기타
6261326,가온미디어,울산광역시 중구 성안동 788-7,2층,통신
6261335,대흥건설(주),충청북도 충주시 중앙탑면 용전리 340 (주)대흥레미콘,,기타
6261340,(주)에이앤피건설,대변리,2층,기타
6261343,미래건설주식회사,창원시 의창구 팔용동,창원시 의창구 팔용동 22-57,기타
6261345,미래건설(주),"경남 의창구 창원대로363번길 22-57,6층(팔용동,미래웨딩캐슬)",,하수
6261176,(주)강원스틸,부산광역시 강서구 명지동 214-4,,도로
6261178,금강공업(주),다대동,다산로 110,기타
6261180,(주)호반건설,서울특별시 서초구 우면동 786 호반 파크 2관,,도로
6261187,성무건설주식회사,부산광역시 연제구 법원남로 12(거제동),10층,기타
6261200,대동종합건축,부산광역시 기장군 기장읍 대라리 1007-2 서인골든빌라2차,A동 402호,개인
6261202,금상건설 주식회사,부산광역시 부산진구 양정동 96-23,4층,기타
6261206,오케이데코(주),"부산광역시 금정구 체육공원로 687-1, 2층",2층 1호,상수
6261211,대하씨엔디(주),부산광역시 수영구 민락동 110-54,501호,기타
6261223,부산진소방서,부산광역시 부산진구 전포동 666-1,,기타
6261225,주식회사 넥스트이앤엠,인천광역시 서구 오류동 1708 창업·벤처 녹색융합클러스터,파일럿테스트E동 05호,기타
6261230,(주)대상이엔지건설,부산광역시 부산진구 초읍동 178-17,4층,도로
6261233,(주)예원이엔지,경상남도 통영시 도남동,2층,기타
6261259,(주)부창전기,부산광역시 서구 부민동3가 1-3,,전기
6261263,㈜광흥건설,부산 금정구 남산동,,기타
6261264,(주)포스코이앤씨,경상북도 포항시 북구 중흥로 307,부산시 기장군 장안읍 에코산단로 9,기타
6261282,(주)도영종합건설,부산광역시 해운대구 우동 1470 에이스하이테크21,,기타
6261288,원동종합설비,부산시 사상구 사상로 269번길 23,,개인
6261293,(주)우수건설,부산광역시 강서구 녹산산단17로78번길,,하수
6261295,우수건설,부산광역시 강서구 녹산산단17로78번길,,하수
6261300,(주)군장종합건설,전북특별자치도 군산시 경장동 512-9,.,기타
6261307,(주)수림건설,서울특별시 마포구 창천로35 5층,,상수
6261322,경민설비건설(주),부산광역시 강서구 대저1동 2320-9,,기타
6261323,(주)서은건설,부산광역시 남구 대연동 1061-7,"2층,서은건설",하수
6261325,도진이앤씨(주),부산광역시 강서구 강동동 1435-1,201호,기타
6261337,KT netcore,서울특별시 강남구 수서동 734 KT,"수서동, 케이티수서빌딩",통신
6261341,성정종합건설(주),부산광역시 기장군 기장읍 대라리 168-3 양정건설,3층,도로
6261348,삼진종합건설(주),경기도 수원시 장안구 조원동 753-14,,하수
6261352,으뜸애드,부산 수영구 과정로 19-2,으뜸애드,기타
6261358,우미건설,광주광역시 광산구 사암로 209 2층,,기타
6261360,부산시설공단 중부지하도상가사업소,부산광역시 부산진구 중앙대로 지하737,,기타
6261363,주식회사 아트,"부산광역시 동래구 충렬대로 182번길11,",2층 202호(명륜동),기타
6261364,주식회사 서명이앤씨,온천동,,기타
6261177,주식회사 로탈,경상남도 양산시 소주동 291 ROTAL,,도로
6261181,주식회사 성안디엠피,부산광역시 해운대구 재송동 1208-2 센텀스카이비즈,"재송동 1208-2, 에이동 3704호",도로
6261190,에스앤씨컴퍼니,부산광역시 기장군 장안읍 좌천리 329-1,103호,기타
6261198,에스지신성건설(주),서울특별시 금천구 가산동 685 디지털엠파이어빌딩,"현장사무실: 거제동 1489-1, 나래빌딩 702호",기타
6261204,(주)해인산업개발,부산광역시 금정구 부곡동 65-108 천호빌딩,5층(부곡동),기타
6261207,타키온 네트워크,창원시 의창구 창원대로 18번길 46,경남창원과학기술진흥원,통신
6261210,(주)미송티엔씨,부산광역시 부산진구 부전동 450 네오스포,지하1층 288호,하수
6261212,(주)피에이,부산광역시 금정구 회동동 207-17,금사로147,기타
6261220,대양전기,부산광역시 연제구 연산동 413-45,,도로
6261222,주식회사 재영,경상남도 김해시 부곡동 804-4 신화프라자,신화프라자 202호,기타
6261228,주식회사 부경네트워크,부산광역시 사상구 덕포동 762 부원파크타운,상가동 111동,통신
6261234,동성산업(주),부산광역시 동구 범일도,,개인
6261238,주식회사 에스디피,부산광역시 사상구 덕포동 370-1 (주)SDP,사상로385번길37,기타
6261258,다솔건설(주),부산광역시 연제구 거제동 1490-1 부산법조타운빌딩,9층,상수
6261271,부산지체장애인단체협의회사업단,부산광역시 강서구 입소정관길,대저2동,전기
6261275,(주)방주전기,부산광역시 수영구 수영동 458-4,458-4,기타
6261277,한국수자원공사 낙동강유역본부,칠성동2가,,기타
6261278,(주)온누리텔레콤,부산광역시 금정구 두구로,,통신
6261280,금탑종합건설(주),부산광역시 금정구 장전동 596-12 재우카라디움,596-12,기타
6261284,부산시설공단 교량전기팀,부산광역시 해운대구 수영강변대로 203 부산시설공단 전기팀,,전기
6261298,(주)해남건설,부산광역시 남구 대연동 55-1 21 센츄리시티 오피스텔,2021호,기타
6261320,(주)비에스씨,부산광역시 남구 대연동,,기타
6261324,우호건설 주식회사,부산광역시 해운대구 수영강변대로 93,,기타
6261328,삼익전자공업,서울특별시 강남구 강남대로 560,,기타
6261329,양지종합건설주식회사,부산광역시 수영구 광안동 89-13 화목오피스텔,화목오피스텔 1106호,기타
6261334,예담건축,부산광역시 연제구 연수로 113-1,"부산광역시 연제구 연수로 113-1, 비쥬오션타워 803호",기타
6261368,(주)다인이앤디,경기도 의왕시 경수대로 257,"804호(고천동, 대영골든밸리)",기타
6261369,㈜일동,부산광역시 해운대구 우동 1462 센텀그린타워,2005호,도로
6261371,비에스엔지니어링,"부산광역시 기장군 기장읍 차성동로 116번길 10, 3층",,기타
6261372,디아스건설(주),부산광역시 연제구 연산동 2138-1,2층,기타
6261373,고강종합건설(주),"수영구 무학로48, 3층",,전기
6261165,서진건설(김해),상동면 동북로 821,상동면 동북로 821,기타
6261171,(주)광희종합건설,부산광역시 연제구 연산동 654-2,3층,기타
6261175,동해목재(주),부산광역시 강서구 송정동 1678,,도로
6261186,휘람건설(주),부산광역시 금정구 남산동 959-2 아신빌라,남산동 아신빌라,기타
6261197,신태양NS엔지니어링,경기도 여주시 가남읍 건장리 65-15,26-16번지,기타
6261208,(주)대아건설,창원시 마산회원구 315대로 711,,기타
6261226,탑 솔루션,부산광역시 연제구 안연로,,통신
6261236,삼부로얄재건축정비사업조합,부산광역시 부산진구 시민공원로 19번길 65,타워베르빌 311호,도로
6261242,SMENC,부산광역시 사하구 괴정동 1273 보해이브빌,101동 B101호,전기
6261249,보람종건(주),경상남도 창원시 성산구 중앙동 95-2 올림피아상가,204호,기타
6261250,세종네트웍스 주식회사,부산광역시 해운대구 센텀7로,세종네트웍스 부산지사,기타
6261252,(주)일화통신,경상남도 김해시 주촌면 주선로,3층,통신
6261267,관광문화도시,부산광역시 연제구 연산동 1811-302,102호,개인
6261270,㈜다채움엔지니어링,부산광역시 해운대구 반여동,,도로
6261292,반도산전㈜,부산광역시 해운대구 우동 1462 센텀그린타워,센텀그린타워,전기
6261302,경승건설주식회사,부산광역시 기장군 장안읍 좌천리 82-1,.,기타
6261309,가원 설비,"부산광역시 사상수 엄궁로 202, 7동 508호(엄궁동, 엄궁아파트)",,기타
6261317,한남토건(주),부산광역시 부산진구 백양산로 54번길 9,9층 1호,기타
6261321,대경건설(주),부산광역시 강서구 대저1동 2377-15,1층,도로
6261327,성무건설(주),부산광역시 연제구 거제동 1489-3,10층,하수
6261330,재경건설(주),"부산 사하구 다송로72번길 39,301호",,기타
6261331,종합건설오드 주식회사,부산광역시 기장군 일광읍 이천6길 7 2층,,기타
6261332,(주)국제플랜트,부산광역시 금정구 장전동 595-1,금강로 173,기타
6261338,주식회사 아키우노종합건설,"창원시 성산구 마디미서로 54, 4층 401호",,기타
6261339,오케이데코,"부산광역시 금정구 체육공원로 687-1, 2층",,상수
6261342,주식회사 승지토건,인천광역시 연수구 송도미래로 11번길 에이동 801호,,기타
6261346,㈜원창건설,경기도 군포시 금정동 847-2 동영센트럴타워,"210호(금정동,동영센트럴타워)",도로
6261347,가나건설 주식회사,부산광역시 금정구 남산동 263-14,2층,하수
6261349,우일누수탐지,부산광역시 동래구 안락동 258-8,,상수
6261355,현진기업,부산진구 양지로 17번길 71,,기타
6261359,(주)인포텔,대구광역시 북구 호국로57길 38,대구광역시 북구 서변동 860-8,전기
6261166,(주)리안엔지니어링,경상남도 창원시 진해구 장천동 408-2,MS빌딩 705호,기타
6261169,사단법인 부산산학융합원,부산광역시 강서구 미음동 1522-4,,도로
6261182,(주)비온시 이노베이터,전라남도 나주시 빛가람동 806-2,5층,기타
6261191,주식회사 세훈건설,부산광역시 사상구 감전동,B178호,기타
6261199,한국씨앤씨디자인,부산광역시 동구 초량동 35-9,1층,기타
6261205,(주)영림조경종합건설,냉정로 180번길 12,삼영빌라 102호,기타
6261224,(주)일신기전,부산광역시 동래구 명륜동 251-5,,전기
6261229,서진산업건설,온천동,동래구 금강로 69,하수
6261231,케이티건설 주식회사,부산광역시 남구 대연동 1756-9 동성하이타운,대연동 동성상가 1층,기타
6261241,금영산업개발(주),부산광역시 금정구 금강로 700,남산시장빌딩,하수
6261256,진우에이티에스(주),서울시 금천구 가산디지털2로30 RSM타워 6층,,기타
6261265,일제강제동원 피해자유족회,부산광역시 남구 우암동 181-3,,개인
6261276,(주)오승,경남 창원시 진해구 웅천동로49번길,,기타
6261279,한국건설산업(주),경상남도 김해시 외동 672-2,,기타
6261281,주식회사 214디자인,부산광역시 부산진구 양정동 511-3 양정현대프라자,양정현대프라자 405호,기타
6261287,주식회사 엘지헬로비전,서울특별시 마포구 상암동 1595-1 드림타워,6층,통신
6261296,태경건설 주식회사,경상남도 김해시 대동면 초정리 27-19,101호,하수
6261303,(주)디자인하다,부산 서구 구덕로 208(부민동1가),,기타
6261318,(주)진흥,울산광역시 남구 삼산로 143번길 25,,하수
6261319,(주)세움텍,부산광역시 북구 효열로 111,부산지식산업센터 507호,도로
6261350,도향토목설계,부산광역시 기장군 일광읍 청원길 303-9,,기타
6261351,에코그린랜드(주),부산광역시 남구 문현동,4층,도로
6261353,GD이엔지,부산광역시 강서구 대저로 277번길,,기타
6261356,네바다정보통신,경상북도 구미시 구미중앙로,,통신
6261366,양진건설(주),"부산광역시 기장군 기장읍 기장대로 82-6, 301호",,하수
6261367,본청종합건설(주),"부산광역시 강서구 명지국제11로 43, 3층(명지동)",부산광역시 사상구 모라동 756번지 및 1142번지,도로
6261374,(주)에스에이치종합건설,부산광역시 기장군 정관읍 구연1로 11-4,1층,기타
6261375,(주)삼강 티앤에스,남부민동,,기타
6261379,주식회사 윤성건설,낙동대로,,하수
